"iteration","none","organic","nongmo","CRISPR","conventional","online","price"
10001,-2.959365381,-0.5275390755,-0.214777133,0.6725018244,0.4614164081,-0.400851229,-2.634920454
10002,-2.826559505,-0.4572192328,-0.1148680513,0.6416948973,0.4441307005,-0.3850510999,-2.657657829
10003,-2.893225083,-0.529585404,0.2272586953,0.808574798,0.4732442812,-0.2579022385,-2.908096825
10004,-2.875764955,-0.4033275141,-0.2170082883,0.4829458149,0.4846895138,-0.513621432,-2.521846098
10005,-2.956495983,-0.3570364231,-0.06201304963,0.5926851623,0.5060613427,-0.4578265073,-2.695434596
10006,-2.871319301,-0.4474104707,-0.4612906813,0.5924981121,0.4093844214,-0.3729917362,-2.63466206
10007,-3.160849935,-0.4826717974,-0.6966212949,0.6145943292,0.3145735363,-0.4740616475,-2.645103085
10008,-2.894876594,-0.6322340959,-0.8948708392,0.5500599349,0.3028962772,-0.5830450292,-2.524414043
10009,-3.293143546,-0.6784171546,0.2378966696,0.5742192963,0.3184095306,-0.3845696865,-2.727189552
10010,-3.176301543,-0.6817547787,-0.4762330948,0.4149154519,0.346452337,-0.3648539348,-2.528333464
10011,-3.063498336,-0.5912968853,-0.1141642194,0.5581266629,0.4092273829,-0.1965339663,-2.6804593
10012,-3.067822034,-0.6817125409,-0.2688943782,0.6233431835,0.3455433805,-0.3208246329,-2.478399402
10013,-2.955815807,-0.6736648778,-0.2892464354,0.4416598767,0.2335494886,-0.4636356983,-2.471857403
10014,-2.929497722,-0.3921812236,0.01971548321,0.7462193493,0.3732005182,-0.1945110976,-2.597120858
10015,-2.788383437,-1.062879105,-0.7363542321,0.9819699874,0.3676016572,-0.4149480984,-2.617534967
10016,-2.966932267,-0.7984034289,-0.5610849911,0.6318626911,0.1561714494,-0.5126953143,-2.45405908
10017,-3.111241693,-0.6803179449,0.1499570468,0.5663520866,0.2610090737,-0.2401928095,-2.726959209
10018,-3.185844463,-0.889005442,0.2083557219,0.2228084591,0.311286196,-0.2999325851,-2.724891416
10019,-2.846313277,-0.4942877328,-0.2303236376,0.413581926,0.3093386277,-0.2817065711,-2.485571953
10020,-2.786353407,-0.6276763101,-0.4750748259,0.4949234358,0.1983929866,-0.1787823738,-2.371963862
10021,-3.133530737,-0.7803402305,0.2404232054,0.4738987419,0.2081058345,-0.367163965,-2.525004493
10022,-3.167552352,-0.7785835415,-0.04988433609,0.4034657598,0.2671307382,-0.4022998496,-2.569786175
10023,-3.043478241,-0.652907377,0.103150531,0.1021515797,0.3469283623,-0.3672058721,-2.428975849
10024,-3.090358735,-0.5545909272,0.1108786004,0.2788049143,0.2570308331,-0.4910635123,-2.526470526
10025,-3.183539304,-0.7403447661,-0.04038494733,0.283689685,0.2947275776,-0.4157767867,-2.44093625
10026,-3.211350864,-0.6034658601,0.1087473129,0.2562337648,0.2884249719,-0.4681648156,-2.418255139
10027,-3.152131883,-0.6521359342,0.134337844,0.3729433681,0.2051287354,-0.4914546847,-2.609109304
10028,-3.019455639,-0.4633347963,0.06765930655,0.2092998772,0.2962484611,-0.3754893366,-2.475789924
10029,-3.298587483,-0.4107224183,0.5641378402,0.2168959815,0.3325825698,-0.4261800603,-2.661166991
10030,-3.02590897,-0.6103762869,0.1445155059,0.3890288261,0.2513868712,-0.5400759909,-2.58758758
10031,-3.300564112,-0.4560361109,0.4787619083,0.06054081503,0.3035847984,-0.3683596372,-2.695418355
10032,-3.256497509,-0.488029759,0.3708990202,0.1469852219,0.1889405391,-0.4100379616,-2.665926952
10033,-3.331514695,-0.6676692545,0.818009494,0.2243209578,0.2562631727,-0.5110703641,-2.592350871
10034,-2.982316041,-0.5324883086,0.4526593769,0.414056877,0.2805352475,-0.4607478284,-2.647302353
10035,-2.978978405,-0.5503488847,0.1900053311,0.3121765258,0.2696091757,-0.4366216361,-2.493611544
10036,-2.8802935,-0.5027485139,0.1920164528,0.3005822608,0.3259210397,-0.5223970529,-2.519398958
10037,-3.039813742,-0.8170630357,0.0200516701,0.3330933501,0.2861356548,-0.4562965899,-2.471071981
10038,-3.171616797,-0.7108292425,0.4813095714,0.1795473032,0.3345874707,-0.5936593141,-2.627992507
10039,-2.819129994,-0.4487015568,0.3611860079,0.08271332509,0.5818061399,-0.4074962053,-2.548381545
10040,-2.895402857,-0.5091977156,0.3047904138,0.1017809901,0.4314532301,-0.4650511971,-2.566211671
10041,-2.758612602,-0.2848186011,0.1365841421,0.04571035246,0.4286462418,-0.5321515377,-2.286378351
10042,-2.873173245,-0.5526945664,0.1623180295,0.186086962,0.2250967876,-0.5068267663,-2.351376873
10043,-2.74987667,-0.3509752868,0.4333747348,-0.0205768666,0.3879085481,-0.5185120112,-2.421667148
10044,-2.969462239,-0.4307124512,0.4413816572,0.04502081164,0.394067345,-0.485559016,-2.351921478
10045,-3.111232086,-0.567850142,-0.07280265377,0.2098110791,0.09816795328,-0.5081250457,-2.174582387
10046,-2.994429258,-0.237929963,0.3095835335,-0.2683286588,0.3967244274,-0.5365416329,-2.085675177
10047,-3.066025329,-0.3796783247,0.2080211986,0.04818364312,0.3112773206,-0.5008532861,-2.274622488
10048,-2.933251744,-0.2928477242,0.2052910167,-0.09453748563,0.2952940573,-0.5016721504,-1.997692669
10049,-2.919720541,-0.2979226464,0.3379091836,0.04451318769,0.4632243094,-0.5410421089,-2.155525496
10050,-2.893973307,-0.5120476024,-0.02048460945,0.304043474,0.2292552845,-0.4365651277,-2.389439622
10051,-2.905549733,-0.3497372704,0.4660797106,0.02494237023,0.2220357008,-0.591068984,-2.289712272
10052,-3.05348959,-0.6786656951,0.2042128815,0.3612369153,0.1700951351,-0.5034164612,-2.361371355
10053,-3.003953281,-0.6258777274,0.3433617782,0.3294304126,0.0583035273,-0.4976865167,-2.389954214
10054,-2.957376744,-0.4627302632,0.2182407128,0.1675204651,0.1089140158,-0.5438417486,-2.231056615
10055,-3.196257662,-0.4985319845,0.2108186384,0.2395629605,0.2824880792,-0.5344269195,-2.272816606
10056,-3.216400898,-0.8440063668,0.297615533,0.2311512178,0.12076391,-0.5387105052,-2.277157478
10057,-3.199879104,-0.5272569594,0.02318223472,0.2621641733,0.1909348028,-0.5233073972,-2.3945221
10058,-3.186727761,-0.7147067338,0.105796832,0.316273044,0.1134021018,-0.5183895805,-2.54951349
10059,-3.122440932,-0.6168512293,0.358455503,0.327814563,0.1709756779,-0.5947543741,-2.489290543
10060,-2.881832656,-0.3350706204,0.0858027,0.07540214759,0.1855655585,-0.5393088033,-2.186855505
10061,-3.15243696,-0.831001853,0.4853492214,0.4106229127,0.2868591484,-0.4865118178,-2.57518064
10062,-3.052799172,-0.5334808233,0.2937044512,0.1707189307,0.2884221758,-0.4160775882,-2.351441942
10063,-3.020445486,-0.3352690573,0.4445624939,-0.09004764877,0.3551783369,-0.3145624316,-2.154634808
10064,-3.07810893,-0.4177104291,0.3368839653,0.1282302978,0.3962086163,-0.7007343369,-2.247017039
10065,-3.009527898,-0.4993377253,0.4246349662,0.2341773745,0.3583052299,-0.4840914088,-2.374358406
10066,-3.488522107,-0.9724273825,0.4954019161,0.4238878754,0.1823420714,-0.3776081892,-2.565259881
10067,-3.219048527,-0.5690368223,0.2972217628,0.1470043594,0.2260769619,-0.3939188212,-2.423642306
10068,-3.130030641,-0.6773395114,0.356387027,0.2309079227,0.2450328602,-0.4948263096,-2.45759247
10069,-2.891531739,-0.3817645993,0.1662917002,0.1663406407,0.1520843055,-0.4518657535,-2.519072198
10070,-3.011210617,-0.6184033484,0.2979100647,0.2050105437,0.2232497995,-0.5045161847,-2.421774256
10071,-3.176418222,-0.8770762448,0.3109806318,0.4226393051,0.1487783664,-0.5345277569,-2.517002233
10072,-3.164386706,-0.7096678823,0.2869296166,0.2631794144,0.1336212247,-0.4737300725,-2.440232544
10073,-3.281662448,-0.898311001,0.4269202653,0.09806360788,0.2143402279,-0.1817093496,-2.372814284
10074,-2.949322139,-0.6356246351,0.2268413042,0.1436008989,0.108159337,-0.4652098252,-2.283963383
10075,-2.842846785,-0.5095502284,0.2777270046,0.2007559593,0.2057971945,-0.3819789053,-2.573569968
10076,-3.117747007,-0.5996069559,0.2151997523,0.3610887245,0.1342925577,-0.304078771,-2.49185391
10077,-3.034154703,-0.7467838331,0.2715019657,0.2371368448,0.1962885052,-0.3358394859,-2.30733268
10078,-3.092734275,-0.8238108577,0.3785919258,0.3113186253,0.2369932278,-0.3754278126,-2.5379092
10079,-2.925602581,-0.5142658988,0.2120586506,0.1118704944,0.1600248444,-0.4633693706,-2.405150393
10080,-3.240890762,-0.83320312,0.4559895765,0.08705149957,0.1644957899,-0.2918272773,-2.574519905
10081,-2.849618645,-0.5730722245,0.1670589696,0.3346835653,0.2139381275,-0.5278718152,-2.651622101
10082,-3.212255139,-0.5296320406,0.2444749879,0.2769747947,0.1316818503,-0.4272613467,-2.550332175
10083,-3.043378857,-0.5826233658,0.1264416708,0.198770321,0.1054833936,-0.4167836556,-2.474302856
10084,-3.152679353,-0.6491971863,0.292518366,0.2458617333,0.2144449231,-0.5162359357,-2.51848526
10085,-3.025805361,-0.6961022037,0.2300037972,0.5088728828,0.1524329397,-0.4849074772,-2.625809544
10086,-3.056456066,-0.6924819699,0.1854496405,0.3697110631,0.1455811964,-0.3697591938,-2.581580557
10087,-3.252344934,-0.7679048092,0.1797651106,0.313625002,0.007605821798,-0.4730028534,-2.609197477
10088,-3.091559879,-0.7017073995,0.3074271469,0.3329577678,0.07387309207,-0.3968102711,-2.437181842
10089,-2.868679184,-0.4517529497,0.2384680989,0.3244912778,0.2622952501,-0.4262173757,-2.562526457
10090,-3.098751097,-0.5935358327,0.3416913948,0.3815812778,0.1513409535,0.0004683879825,-2.560867906
10091,-2.79867698,-0.4040444591,0.1415656457,0.1828563204,0.06296223353,-0.2455181577,-2.44792845
10092,-3.116890107,-0.6306828834,0.1455611346,0.4737671515,0.1205936879,-0.4278971496,-2.410834567
10093,-2.777166055,-0.3860246571,0.2227795315,0.2421987305,0.2225553267,-0.161784917,-2.440534049
10094,-2.825967046,-0.258642941,0.007814612042,0.4465225038,0.1259413447,-0.4336092954,-2.730830548
10095,-3.117031121,-0.5019969775,0.1436609942,0.5871041889,0.05020119177,-0.4341605946,-2.634219617
10096,-2.969780382,-0.5463070512,0.2735847033,0.6412433365,0.1014679795,-0.6321382642,-2.638942241
10097,-2.971650855,-0.4127178415,0.02190426783,0.5792064118,0.06834184663,-0.6325002712,-2.785834211
10098,-3.075721183,-0.9793248203,0.190624743,0.3163043142,0.219654898,-0.5711970061,-2.553209064
10099,-2.927304287,-0.4195877183,0.07392849473,0.4938543772,0.06926038039,-0.5114988983,-2.484757354
10100,-2.607353166,-0.1377663161,0.07154229834,0.3298797136,0.2039783315,-0.4756248846,-2.487091048
10101,-2.839465135,-0.3373308374,-0.1559275683,0.6360029719,0.03716681503,-0.5272311835,-2.684789754
10102,-2.967317147,-0.5079454173,0.375665642,0.2911686907,0.0854690756,-0.4059590978,-2.558507944
10103,-3.003113981,-0.5298380826,0.1473692994,0.5294390483,0.05104660175,-0.5261395115,-2.571903904
10104,-2.912903263,-0.416352612,0.1103075448,0.5374480349,0.1383466094,-0.5017201637,-2.591922174
10105,-2.864696522,-0.1914516965,0.191473459,0.4634618315,0.1091658545,-0.3269883449,-2.594725287
10106,-2.753555959,-0.302311292,0.04690746479,0.5924693261,-0.04298049288,-0.4213991465,-2.694550208
10107,-2.786595713,-0.3362854384,-0.03547583931,0.4864550491,-0.009143041226,-0.4197253103,-2.721168668
10108,-2.999578224,-0.57622334,0.1643072914,0.7049840697,-0.03571167064,-0.4293322375,-2.618021508
10109,-3.147494561,-0.7510457647,0.4930662489,0.432059047,-0.04583958926,-0.3421369574,-2.684266443
10110,-3.209802093,-0.5741073656,0.4607814994,0.7283565977,0.1255299388,-0.5975918444,-2.677326289
10111,-2.840109722,-0.596428033,0.1865164866,0.4193177035,0.05014457064,-0.4560761019,-2.600746815
10112,-2.671263514,-0.2176854607,0.2121239596,0.518543968,-0.0550487012,-0.539380552,-2.640737402
10113,-2.82951857,-0.450500015,-0.03196054591,0.453060787,0.08721807255,-0.39411588,-2.47778759
10114,-2.930805179,-0.5530419849,0.1013837882,0.5630013316,0.03209719424,-0.4863118671,-2.547749558
10115,-2.973605985,-0.3559333162,0.04228095575,0.8286900885,0.1489094016,-0.5017177588,-2.708285967
10116,-3.149599521,-0.7573174695,0.3863084525,0.4011669347,0.189477121,-0.388928013,-2.653625006
10117,-3.016216572,-0.4171552551,0.2837467884,0.4752624749,-0.08297982476,-0.4099009663,-2.706657943
10118,-2.790014794,-0.5664139649,0.4007637897,0.3429435534,0.06675896112,-0.5346704572,-2.585909953
10119,-3.123259628,-0.4751313238,0.008168825634,0.7201189119,0.007891712226,-0.4457387811,-2.727941859
10120,-3.249223991,-0.794575962,-0.03264649402,0.826909676,0.2195255551,-0.4479594942,-2.67364945
10121,-2.799940702,-0.2958374085,0.4743966666,0.5654163484,-0.04230891397,-0.4956433979,-2.596370683
10122,-3.010166934,-0.7390883277,0.4252826666,0.4339746301,0.07803776625,-0.6394380365,-2.519504718
10123,-2.858123817,-0.7895380519,0.5513834637,0.299887766,0.07718122351,-0.5138799327,-2.494182615
10124,-3.127550897,-0.5076197559,0.07280908723,0.6895594836,0.03137051073,-0.4569370478,-2.459520647
10125,-2.90962118,-0.3988877393,0.2549089325,0.703911034,-0.02006526634,-0.5684218926,-2.57581336
10126,-2.803135363,-0.6284970373,0.6392025526,0.2851024079,0.1704898514,-0.4568522848,-2.560798293
10127,-2.96849706,-0.5254624216,0.4165848742,0.2885818999,0.182957197,-0.4138388596,-2.559350632
10128,-2.871853331,-0.4230657143,0.4261692195,0.4361698171,0.07183305017,-0.575107334,-2.576845953
10129,-3.303926447,-0.5915118034,0.01060291295,0.7970994786,0.2637084716,-0.6327357622,-2.617344108
10130,-2.887653928,-0.4290373218,0.6333402601,0.06817962505,0.09527381273,-0.3264634973,-2.39909286
10131,-3.055917025,-0.4829243623,0.613711165,0.537119025,0.3153517144,-0.4703019927,-2.680174486
10132,-3.151045647,-0.3718436105,0.01455716547,0.6248880353,0.0866437489,-0.6411232028,-2.616247951
10133,-3.384732129,-0.5267112612,0.128625307,0.8372945662,0.2821980579,-0.4994964038,-2.663911103
10134,-2.955069316,-0.4096891039,0.4991815833,0.3924704178,0.4177010969,-0.694867355,-2.427349612
10135,-2.854572429,-0.3769814861,0.3356134304,0.4320727778,0.08895931471,-0.6781826566,-2.590956493
10136,-3.313515283,-0.4857037303,0.4021432795,0.4360315223,0.3029698876,-0.6027014795,-2.464229598
10137,-2.999167972,-0.3862987319,0.5871102563,-0.07097455409,0.2508351553,-0.4550948782,-2.565582998
10138,-3.430561136,-0.6050606775,0.2574543085,0.7575415696,0.1455545622,-0.3200766643,-2.62492996
10139,-3.098128076,-0.460877629,0.7112446827,0.03434702191,0.1939475344,-0.3006954434,-2.376098327
10140,-2.789176519,-0.4161570975,0.6006361502,0.1580217714,0.2412243393,-0.5096662379,-2.544720638
10141,-3.114851307,-0.6906741911,0.6429602898,0.2962873542,0.2774620349,-0.3556552075,-2.508193219
10142,-2.971850562,-0.260122656,0.564573031,0.3378294569,0.1164055964,-0.2080837046,-2.463435035
10143,-2.752941826,-0.4375753047,0.5413068717,0.0481803354,-0.1325180358,-0.4462924844,-2.548037393
10144,-3.088996013,-0.4371576881,0.4553682456,0.5568100814,0.3140035669,-0.2183512772,-2.554040558
10145,-3.042930366,-0.437652732,0.4000128742,0.3435408832,0.1447064434,-0.4173249767,-2.468135028
10146,-2.896425588,-0.3555043419,0.4696703232,0.140064909,0.07451622194,-0.3407713847,-2.542034499
10147,-3.103973757,-0.4051538975,0.5085963065,0.22041897,0.1161597453,-0.2977372681,-2.427159954
10148,-3.377314353,-0.7263882644,0.2006374831,0.2912250084,0.1267059885,-0.1009479949,-2.38712659
10149,-3.431780037,-0.2790863204,-0.351938675,0.646089695,0.5072013369,-0.2698018526,-2.243472562
10150,-3.343619334,-0.7575877685,0.2037592933,0.5507674635,0.2086258223,-0.2373441595,-2.490798259
10151,-3.012958973,-0.7009478342,0.09198013484,0.6895004933,0.3185667103,-0.3643852825,-2.583421209
10152,-3.201869011,-0.581170828,0.05874191188,0.5215383515,0.3855451882,-0.3339823523,-2.513111779
10153,-3.326951761,-0.4575464138,-0.068177319,0.6815092931,0.428227552,-0.3541794843,-2.443810209
10154,-3.262908574,-0.7970143431,-0.04422595651,0.4216856501,0.1806693431,-0.2825459199,-2.421505307
10155,-3.195266368,-0.4252717195,-0.2918634569,0.7755570714,0.3472745324,-0.2647403629,-2.489549893
10156,-3.011570048,-0.4611248243,-0.2581962715,0.7266254248,0.2985365414,-0.348017748,-2.526567123
10157,-3.031424739,-0.5297266915,-0.2578232827,0.5845100928,0.2687243641,-0.3339425577,-2.455342568
10158,-3.259152981,-0.5671166829,-0.09524813099,0.6666977116,0.2753443428,-0.4455167418,-2.540015128
10159,-3.125695473,-0.6681516599,-0.2063864671,0.7957876269,0.2804270815,-0.5900705361,-2.508185918
10160,-3.308619439,-0.58330124,-0.111732267,0.5893237298,0.2819438883,-0.4397289401,-2.521038382
10161,-3.276614336,-0.5572511466,-0.03156076007,0.5785757938,0.2956313588,-0.4756164971,-2.476094817
10162,-3.015113623,-0.4702203011,-0.08749878241,0.5103800341,0.2916763824,-0.4283310679,-2.396642208
10163,-3.28736762,-0.6540973778,0.07493009622,0.340408156,0.3306892044,-0.4641457715,-2.565649292
10164,-3.06717691,-0.5452030451,0.07653458214,0.4301384502,0.4636363569,-0.4312209937,-2.670665998
10165,-3.226640998,-0.5000434802,0.02337779705,0.4091504064,0.5431125516,-0.3796020191,-2.338132761
10166,-3.387615885,-0.6711453155,-0.07238766985,0.5644616687,0.4165669841,-0.5099374299,-2.334117497
10167,-2.938671077,-0.6534208718,0.07164236948,0.6135090842,0.2375419575,-0.6584193039,-2.555177374
10168,-2.973700698,-0.4364050243,-0.1173850246,0.7217809672,0.2118157846,-0.5271057282,-2.528646496
10169,-3.462628649,-0.6353671464,0.1045896037,0.4788684349,0.2089216419,-0.3148400227,-2.564176636
10170,-2.912891277,-0.5196690197,-0.5361262112,0.5511585651,0.3076386473,-0.4546842362,-2.878360795
10171,-3.334571801,-0.5729717712,0.03145955033,0.6736842353,0.3802879378,-0.4296112932,-2.59950848
10172,-3.207297464,-0.483944881,-0.05621659144,0.6186858421,0.1651855246,-0.6039440412,-2.538023395
10173,-3.143820052,-0.5304123553,0.1039507689,0.7167112294,0.2944144306,-0.4147681068,-2.530097723
10174,-2.915934305,-0.4933525576,-0.04480756181,0.6476050102,0.2255617613,-0.5469765566,-2.636178964
10175,-3.365587729,-0.7309905861,0.08654784822,0.6155638675,0.4233696156,-0.408834455,-2.473208064
10176,-2.937794549,-0.5882309578,0.1092555556,0.5614198839,0.2137851336,-0.529517387,-2.648107473
10177,-3.231461623,-0.6539453093,0.1917584896,0.460200353,0.3852718991,-0.3037979826,-2.571436325
10178,-2.985783031,-0.349984886,-0.279947086,0.8087286954,0.1372259219,-0.353987339,-2.629399799
10179,-2.7553834,-0.6313403264,0.1943683333,0.3881259131,0.3966185405,-0.3800751557,-2.705647231
10180,-2.493196277,-0.4690498002,0.02500694376,0.4417252671,0.4492269399,-0.3516228677,-2.822866568
10181,-2.78878349,-0.4868828277,-0.2787391947,0.4233905267,0.4301939145,-0.353836013,-2.691695991
10182,-2.913614897,-0.7011851429,-0.02956047106,0.2412344052,0.5151373679,-0.2559964164,-2.692806803
10183,-2.926741362,-0.6665891328,0.05575715288,0.2320957541,0.263368614,-0.5118403019,-2.712136719
10184,-2.938838725,-0.5325997219,-0.2386515351,0.4394504586,0.241151622,-0.3688484295,-2.642956847
10185,-2.708380201,-0.6968767038,-0.1113349042,0.3260858799,0.2539473196,-0.326917439,-2.473143145
10186,-3.174360899,-0.7260191974,0.06934907557,0.2568187339,0.2360709685,-0.4506343995,-2.6416321
10187,-2.82494482,-0.4790973467,-0.4128751681,0.2976749181,0.2317994598,-0.3202362087,-2.519365399
10188,-2.461079188,-0.2713290162,-0.3681744995,0.4144550654,0.07778959657,-0.3950386118,-2.461063641
10189,-3.111675281,-0.5227339379,-0.08726851145,0.5259916485,0.2077290843,-0.393538772,-2.477947541
10190,-2.523188008,-0.2465455891,-0.3863322298,0.5159325354,0.07539339317,-0.487235837,-2.517929454
10191,-2.675179822,-0.3872813739,-0.1774420761,0.2602970707,0.1964833178,-0.3188295828,-2.543442734
10192,-2.284094036,-0.1440783569,-0.1425894814,0.577983732,0.1001869983,-0.3276941494,-2.523933413
10193,-2.687033304,-0.2158363867,-0.1441585489,0.5851408498,-0.0115222927,-0.3427659513,-2.530333636
10194,-2.972378373,-0.5467917611,0.04175551907,0.4457594211,0.2714947816,-0.3900778326,-2.50995679
10195,-2.585529005,-0.2189579594,-0.09106541386,0.4962424245,0.149220058,-0.4716758848,-2.551435269
10196,-2.656634943,-0.2103393445,0.08419190056,0.308436503,0.196303377,-0.7091351134,-2.822736986
10197,-2.477273588,-0.2401067766,0.04448320788,0.4126085025,0.1712695387,-0.5452991053,-2.699029101
10198,-2.533567761,-0.2241547203,-0.07749603031,0.4458213005,0.0690772284,-0.6017480059,-2.674595565
10199,-2.256435669,-0.1512236401,-0.0489166963,0.6823490712,0.1679321925,-0.5160931655,-2.517407997
10200,-2.24495932,-0.1118952248,0.1519047924,0.3824384183,0.1348583991,-0.6646280983,-2.784045167
10201,-2.901406661,-0.2602194958,0.04064538967,0.4378630898,0.1081960322,-0.4739072864,-2.65157954
10202,-2.958526724,-0.3038609955,-0.03266733684,0.5269833732,0.08014715071,-0.5215901728,-2.684594351
10203,-2.531988945,-0.3737378741,-0.02725680645,0.4198449778,0.1660997537,-0.4389285556,-2.608303789
10204,-2.615940632,-0.4358596019,-0.0342381262,0.2658525957,0.09252833588,-0.3358899103,-2.542793825
10205,-2.547345064,-0.5549725449,-0.08863678234,0.3490891221,0.1272653195,-0.4625962352,-2.643698323
10206,-2.444531561,-0.2658652334,-0.3380714776,0.5519812276,-0.05471233807,-0.4665637979,-2.586762429
10207,-2.732920511,-0.4518418602,-0.1188260782,0.4847720645,0.02712826566,-0.3265840152,-2.742938014
10208,-2.357124102,-0.3782544365,-0.09228601401,0.3860218609,0.2494339991,-0.407790684,-2.557639981
10209,-3.621822163,-0.499413458,0.1120866072,0.4990423515,0.3017800499,-0.6329181674,-2.686548376
10210,-2.904164914,-0.7169461253,0.1917160881,0.3403954721,0.3540008868,-0.6882554268,-2.585338661
10211,-2.253323055,-0.257859923,-0.05742901854,0.3238133116,0.1527478861,-0.4747972358,-2.687477788
10212,-2.501603749,-0.4632796626,-0.1628690707,0.3838878827,-0.01248287162,-0.5740129583,-2.690340242
10213,-1.794272409,-0.07036367949,-0.1626777727,-0.02897720584,-0.2083040315,-0.8095889299,-2.565202946
10214,-3.11230109,-0.7068491721,-0.05848357201,0.1271582812,0.1898817822,-0.4699386249,-2.646869417
10215,-3.216137083,-0.7755063683,0.3324579934,0.2501642722,0.3779402039,-0.4745618134,-2.668623267
10216,-3.21923551,-0.8283500569,0.1045209368,0.04342924229,0.2832815045,-0.7678071792,-2.676681673
10217,-2.981000208,-0.6312485964,0.2548633333,0.2468374867,0.4540184498,-0.6470213554,-2.641379832
10218,-2.985891721,-0.5656273713,0.2186904365,0.3419205505,0.3026707663,-0.4855498628,-2.682317025
10219,-2.761134032,-0.5294660099,0.05096619309,0.2023484511,0.3059872627,-0.5868716859,-2.740078528
10220,-2.96959706,-0.5400880598,0.08767124858,0.340073076,0.2919584406,-0.4225715065,-2.55686226
10221,-2.65781276,-0.3838862149,0.2852137939,0.1563289711,0.4366771715,-0.457174032,-2.749807099
10222,-2.754048472,-0.5194769974,-0.03345212954,0.1753811429,0.3653755817,-0.3800301813,-2.490395362
10223,-3.338923962,-0.5733701016,0.1169093243,0.2513251679,0.2719167607,-0.3437299745,-2.669563864
10224,-2.749322351,-0.5700780634,0.2643037318,0.1073400122,0.443663081,-0.6433942831,-2.693881433
10225,-2.930996001,-0.6386512288,0.1639902951,0.2245013867,0.3601480985,-0.4672855522,-2.689895587
10226,-2.662085152,-0.3556078236,0.1667548986,0.05184132487,0.2358535509,-0.5396034017,-2.514082147
10227,-2.431126624,-0.472330462,0.3138718743,0.1911535761,0.5292486487,-0.749546534,-2.672529397
10228,-2.691099102,-0.5899228007,-0.0002083261946,0.1240434753,0.249215705,-0.5805266083,-2.461710784
10229,-2.955388006,-0.672980459,-0.002463686991,0.04739508083,0.3962120034,-0.4243674572,-2.543681366
10230,-3.102668611,-0.7862321466,0.05099226722,0.08203350391,0.3385089641,-0.33579954,-2.493290759
10231,-3.075773736,-0.8348437526,0.07907213894,0.1497342086,0.3058857597,-0.3510205303,-2.516491224
10232,-3.190555043,-0.9460503888,0.1083692724,0.3317114691,0.3232877686,-0.3936851904,-2.546933589
10233,-3.159993408,-0.9955027083,-0.1578292243,0.3727613125,0.4002007542,-0.1538261622,-2.494795854
10234,-3.906646226,-1.207359349,-0.08715362413,0.559521985,0.2996055081,-0.1948487762,-2.369559126
10235,-3.273402144,-1.044407957,-0.2375746455,0.2671403329,0.1333360661,-0.2822599428,-2.401154184
10236,-3.127964396,-1.063223703,-0.1552128192,0.4215245354,0.2295743167,-0.2423749772,-2.428127251
10237,-2.889218272,-0.7404019422,-0.1180986807,0.3074987368,0.2471761028,-0.3669736507,-2.486541565
10238,-3.211676381,-0.9920461272,-0.003693735954,0.4348751803,0.124735381,-0.4605125866,-2.501619368
10239,-2.762236578,-0.762191808,-0.1559004715,0.261698134,0.1205960523,-0.4203502015,-2.503421973
10240,-2.989214216,-0.695083691,-0.01411152627,0.1853696661,-0.05019597445,-0.5959862075,-2.433035812
10241,-2.883017091,-0.9018075659,-0.1176742696,0.5702850548,0.2743788719,-0.199735216,-2.462384929
10242,-3.251185575,-1.00710799,0.002544247605,0.6161162198,0.2723300814,-0.09911062805,-2.338126624
10243,-3.068602774,-0.498728415,-0.06124461147,0.3687494498,0.1413519923,-0.2729693842,-2.436144584
10244,-2.907632161,-0.8061883486,-0.04271952662,0.1951459019,0.1657999212,-0.3879305207,-2.516807188
10245,-3.004546438,-1.001137475,0.04976469733,0.4572151846,0.2228310183,-0.3360146263,-2.584108704
10246,-2.992109608,-0.9127234835,0.0999127439,0.2745376367,0.1857200857,-0.388452612,-2.579120902
10247,-2.917795707,-1.025414699,0.05991401112,0.4198769772,0.2864535019,-0.3834466701,-2.457742691
10248,-2.77873798,-0.7190663399,0.0166298218,0.3361705057,0.3469158474,-0.2729279033,-2.553122395
10249,-2.652707655,-0.6544380344,-0.2009084026,0.1839068823,0.543744042,-0.201064604,-2.703320201
10250,-2.869159727,-0.8631476311,0.09755377306,0.1870491437,0.2655809123,-0.3219472179,-2.453051877
10251,-3.169618994,-0.7901650196,-0.06091836678,0.3291771975,0.1793272262,-0.4475083473,-2.421168866
10252,-2.591550308,-0.650236161,0.06193391628,-0.02706975366,0.5149653931,-0.4483936111,-2.731867205
10253,-2.459696934,-0.6684775391,-0.06563748194,0.1580400331,0.4967835443,-0.3096403823,-2.679681956
10254,-2.936880943,-0.6376792507,-0.1284484594,0.4243101618,0.2461978741,-0.1962979728,-2.499802617
10255,-2.818790837,-0.6042839482,-0.06149333794,0.3423569916,0.5040513509,-0.3255688111,-2.639183871
10256,-3.142631812,-0.6995987127,0.002263329346,0.5153825729,0.4252634759,-0.3928668953,-2.498909612
10257,-2.735604092,-0.5700720723,-0.07174731942,0.4144929848,0.5383341144,-0.2920409406,-2.555813442
10258,-3.043279755,-0.8950611903,0.03473506184,0.4700013268,0.4571384399,-0.264789183,-2.654407278
10259,-3.105191499,-0.8352278752,-0.1676761057,0.3034496576,0.5293763256,-0.2281374304,-2.520058874
10260,-2.884985677,-0.5813726528,0.01355094075,0.4454776199,0.4915724542,-0.2672846512,-2.612527023
10261,-3.038563414,-0.6572229972,-0.09665786454,0.2919131791,0.4426222279,-0.4013152067,-2.553668045
10262,-3.019455856,-0.6536120973,-0.02975077929,0.3837299037,0.3737269692,-0.2585224828,-2.529315875
10263,-2.763536516,-0.6984863406,0.1383870461,0.3729330879,0.5870417504,-0.1664743552,-2.626729797
10264,-2.843483758,-0.790366551,-0.02062842459,0.3555285009,0.4504193562,-0.08547767921,-2.443645868
10265,-3.477257084,-0.6169787241,-0.1246557974,0.4135525597,0.09340345109,-0.2814070135,-2.531557026
10266,-3.074991434,-0.6412575168,-0.0404169252,0.4029523966,0.3579606996,-0.3962347524,-2.48951066
10267,-2.91180448,-0.7447521222,-0.04342383248,0.4001628901,0.3560049204,-0.3205349762,-2.587820601
10268,-2.883869093,-0.6658487574,-0.1657102366,0.4687059147,0.3011869235,-0.2232418383,-2.391766143
10269,-3.022558578,-0.9909582087,-0.1498539924,0.3740936334,0.4588436735,-0.06223818485,-2.329423643
10270,-2.875454043,-0.8579773434,-0.07783975537,0.4782740349,0.31992079,-0.1518474024,-2.549792878
10271,-2.910830574,-0.4152337269,-0.08096646305,0.3392472126,0.4089233525,-0.284632564,-2.58405716
10272,-3.120735408,-0.7543133026,-0.1636486249,0.2259301472,0.152113795,-0.3673954645,-2.45566395
10273,-2.81597956,-0.5270068788,-0.2159487072,0.4827204982,0.3552164776,-0.4570533655,-2.637670383
10274,-2.598615504,-0.5995451549,-0.3009886394,0.4731709162,0.2905580621,-0.2927161549,-2.485494986
10275,-2.977029721,-0.6810707344,-0.1593031049,0.3094662939,0.2877834915,-0.5426485189,-2.393761433
10276,-2.934332312,-0.6682103782,-0.2421255001,0.3742437463,0.2577367818,-0.5014836289,-2.632171946
10277,-2.661372628,-0.6752270014,-0.4897758196,0.3526604698,0.4146405969,-0.4621051331,-2.754470437
10278,-3.143663924,-0.8813736727,-0.223940104,0.3245443485,0.268359302,-0.4387502233,-2.449605621
10279,-2.942359804,-1.084454816,-0.2766889987,0.378815904,0.2696251911,-0.3066806057,-2.636323082
10280,-2.650295784,-0.4681965463,-0.3094700794,0.484598239,0.3432120655,-0.4053469748,-2.570915947
10281,-3.021316801,-0.7587156253,-0.2066516738,0.5276684451,0.3159924129,-0.09623788286,-2.429654154
10282,-2.98015086,-0.9616079592,-0.1789984018,0.487584503,0.3107354578,-0.08090041434,-2.476671555
10283,-3.029934717,-0.756072512,-0.3023436815,0.4903970429,0.159807256,-0.126270578,-2.476509563
10284,-3.114980301,-0.7950087552,-0.1840360553,0.4109953034,0.2564309262,-0.1243378365,-2.434887477
10285,-2.582633015,-0.6821876477,-0.2765585635,0.6462519683,0.3399481419,-0.01934254839,-2.579444543
10286,-3.311071424,-0.9848533146,-0.00947078794,0.404797914,0.1425400782,-0.0440202377,-2.378179544
10287,-3.166462912,-0.9298307238,-0.314240072,0.6032479327,0.1085270887,-0.01927437272,-2.44832582
10288,-3.064634343,-0.8544552374,-0.03206577914,0.5653617009,0.3540426605,-0.2014105657,-2.626451128
10289,-3.118716709,-0.8639337616,-0.08260687579,0.4306700338,0.4414690975,-0.2422961957,-2.577036027
10290,-2.792721618,-0.8807836259,-0.1301041909,0.5417452362,0.6387541568,-0.3776487789,-2.667821255
10291,-2.937745207,-0.7229606204,0.02345082656,0.5370799458,0.3130779179,-0.1865547769,-2.662853401
10292,-3.118423755,-0.8491427871,-0.06615908567,0.5609012296,0.3487126204,-0.1353414927,-2.645074826
10293,-3.083495776,-0.8160854689,0.009852830856,0.383044698,0.430575205,-0.1339437827,-2.501633796
10294,-2.812542679,-0.784160753,0.08686675855,0.5009228227,0.4998684101,-0.3171522363,-2.709954263
10295,-2.914679904,-0.8290784289,-0.1007525914,0.532905001,0.5532409636,-0.3067537798,-2.776967625
10296,-2.882881594,-0.8244823743,-0.02435541628,0.4162236048,0.6548689077,-0.3640385316,-2.773052286
10297,-3.156655615,-0.964827982,-0.03834554524,0.4183901667,0.3202936263,-0.2091370563,-2.733488185
10298,-2.832070846,-0.8374805431,-0.09415229968,0.562257187,0.3746061331,-0.248796766,-2.784843758
10299,-3.374170406,-0.69381715,-0.1365038637,0.4907430311,0.06222792888,-0.4199803443,-2.552890854
10300,-2.850161371,-0.5992589454,-0.2459171376,0.5367196087,0.4788576499,-0.4272627973,-2.822189171
10301,-2.847399399,-0.6719422641,-0.1118597135,0.3877938752,0.4092070579,-0.4290512346,-2.649961493
10302,-3.137322454,-0.8434386202,-0.1015073747,0.3857638685,0.4246862712,-0.2833434947,-2.810355442
10303,-3.182602946,-0.8141785845,-0.2092264849,0.2581773963,0.3022402301,-0.4758132498,-2.668092218
10304,-2.956604613,-0.9530744236,-0.1193838794,0.4195046571,0.3357785532,-0.3390936427,-2.746801359
10305,-3.420966081,-0.944802129,-0.181617244,0.221051744,0.1870979036,-0.5907646429,-2.821344918
10306,-3.073944726,-1.012536435,-0.181199011,0.2167369156,0.4396095709,-0.5758277786,-2.720963346
10307,-3.243961832,-0.9642002768,-0.1871078982,0.3500598031,0.2532599555,-0.5386082637,-2.670033621
10308,-2.834728712,-0.9477782772,-0.3121370298,0.4767800097,0.3657300122,-0.342436285,-2.793307757
10309,-2.822488733,-0.9141667849,-0.1918266353,0.4565668511,0.3550799086,-0.2524155407,-2.892850733
10310,-3.38070055,-0.8928523989,-0.250922673,0.2892790042,0.2120635093,-0.5233382834,-2.670331016
10311,-3.026410039,-0.8779044685,-0.397653409,0.4499098261,0.310807056,-0.2919414378,-2.477701753
10312,-3.195168178,-1.024456226,-0.3369391309,0.364043075,0.3221076671,-0.4621519308,-2.486044943
10313,-2.890167847,-0.9010159793,-0.2777812011,0.393784089,0.3911528847,-0.3532941783,-2.791779173
10314,-2.739558482,-0.9513201255,-0.161947854,0.2588197326,0.4467393434,-0.3794955782,-2.883196599
10315,-2.686096259,-1.043180999,-0.1574418489,0.3782229,0.4013879968,-0.3048594465,-2.763534747
10316,-2.505212974,-0.9409374155,-0.2821546599,0.3962347646,0.592558276,-0.261327957,-2.830815328
10317,-2.953462471,-0.8222708881,-0.2000700322,0.4936887731,0.2464457055,-0.304764195,-2.593807136
10318,-2.911172927,-1.001871776,-0.2549349469,0.4875158961,0.4911422604,-0.2485665445,-2.936757062
10319,-2.942413249,-0.9806073434,-0.2165322296,0.2638881637,0.430543404,-0.2555993288,-2.801706012
10320,-3.201893475,-0.9044884683,-0.3029036391,0.4080735976,0.3456595133,-0.3156770834,-2.743333972
10321,-2.777713746,-0.8557045443,-0.2538636892,0.4082132768,0.5536671204,-0.2720878277,-2.988628564
10322,-3.039660708,-1.013067954,-0.2604319229,0.5307789572,0.3339457788,-0.1278374733,-2.962923194
10323,-3.064134975,-1.097896172,-0.1177540092,0.4235456322,0.3538043381,-0.2163777153,-2.628735983
10324,-2.666764799,-0.8994731215,-0.276999718,0.4437061749,0.4581083249,-0.2675139325,-2.885387379
10325,-3.027172929,-1.122135953,-0.1273915386,0.4271283825,0.3404091571,0.02128974576,-2.700677692
10326,-2.547335782,-0.8890541713,-0.3371119325,0.4840206112,0.5396704369,-0.2562924002,-2.974848414
10327,-3.29453336,-1.066563242,-0.2558980843,0.4110081521,0.3128548432,-0.2829521896,-2.735569885
10328,-2.773944357,-0.9696843752,-0.3210197008,0.498344728,0.4405874839,-0.205278771,-2.895027254
10329,-2.954771607,-1.007905234,-0.2661039917,0.5402168054,0.3856946675,-0.238097849,-2.685479824
10330,-2.962979051,-0.9318282697,-0.2764553823,0.4237172285,0.2452334,-0.2124618208,-2.674577038
10331,-2.733692785,-0.9472976979,-0.3304581971,0.432330262,0.6350292556,-0.2425961372,-2.942654624
10332,-2.745157345,-0.9708543212,-0.1971278707,0.4473058239,0.4505820419,-0.4249041757,-2.788453537
10333,-3.14378068,-0.9880708437,-0.29985917,0.3873304689,0.3763320472,-0.2199486227,-2.756896321
10334,-3.0711776,-0.8592017019,-0.170212492,0.369193133,0.2670437451,-0.3929590212,-2.47402333
10335,-2.874037925,-0.9415509565,-0.1873946437,0.3804994554,0.5420520846,-0.2561929112,-2.707434101
10336,-3.112238532,-0.9068312604,-0.2913443836,0.4184106866,0.3967220659,-0.2636749302,-2.661891556
10337,-2.960590968,-1.026296387,-0.1627615982,0.2909465953,0.3369072455,-0.4210498965,-2.876561743
10338,-2.567083915,-0.8964418267,-0.3370418484,0.4159673874,0.595521294,-0.2615272066,-3.151295346
10339,-3.057740234,-0.8143998492,-0.3082831092,0.2545411548,0.4485361804,-0.3021360893,-2.836265917
10340,-2.902307487,-1.024569723,-0.2379082841,0.3001985993,0.4825344805,-0.2803234137,-2.889352959
10341,-2.860594808,-0.9259213301,-0.3574125567,0.3568887491,0.5497297603,-0.1608304677,-3.230994126
10342,-2.769919155,-0.8864129228,-0.3730730018,0.1399597643,0.3840725202,-0.3409382085,-2.75789016
10343,-3.376960884,-1.052019781,-0.1745377917,0.3538165988,0.1071495641,-0.2958566212,-2.582113196
10344,-2.979313825,-0.6619578215,-0.2797085998,0.1982020368,0.368907065,-0.5337933011,-2.922489126
10345,-3.227914662,-0.949157593,0.01551834006,0.5076293665,0.1681403785,-0.3717085979,-2.649431684
10346,-3.125461383,-0.9043419553,-0.2894401703,0.3993652672,0.3188079448,-0.3997564691,-2.780983785
10347,-3.078710321,-0.9602819397,-0.03427645632,0.3662344293,0.415131523,-0.2213730553,-2.846870847
10348,-3.085117143,-0.8674005652,-0.2338777743,0.4954604496,0.2090738004,-0.2433337811,-2.756344777
10349,-2.893804625,-0.9408566527,-0.2105674624,0.546433577,0.4141394876,-0.2401778806,-2.791887154
10350,-2.675579375,-0.8864222566,-0.2800630106,0.6105330049,0.327595848,-0.3662023778,-3.064665644
10351,-2.938715628,-0.7555606789,-0.2158106003,0.4694511726,0.1862647613,-0.4260113523,-2.773984334
10352,-3.072221261,-0.8414925068,-0.2055547498,0.3622928536,0.03915489104,-0.634437509,-2.515707038
10353,-3.174903002,-0.8939067245,-0.1267814029,0.5922200417,0.2438581771,-0.295586285,-2.665461578
10354,-2.914643296,-0.8183424449,-0.1061636241,0.410594877,0.3434693323,-0.3464136222,-2.75347671
10355,-3.069263862,-0.8928943207,0.01961593248,0.4834797162,0.1939129133,-0.4867117499,-2.680919395
10356,-3.007754767,-1.140036543,0.4051173343,0.4012021717,0.611349165,-0.0822598062,-2.603596447
10357,-3.003072502,-0.800490816,-0.2822047604,0.5195631114,0.1530363194,-0.4443807913,-2.728927221
10358,-2.88970279,-0.7660414054,-0.2499594933,0.5746296757,0.09322148997,-0.36370309,-2.906976725
10359,-3.020218278,-0.7140996791,-0.2650590348,0.4802798915,0.2764426661,-0.4008353546,-2.825587092
10360,-3.038237428,-0.5579614101,-0.5035122054,0.4373377232,0.1765947141,-0.5696909198,-2.729117538
10361,-3.00144787,-0.8352966792,-0.1455245408,0.4903207541,0.1015683097,-0.2809597298,-2.87560534
10362,-2.869251036,-0.7811301969,-0.1651975051,0.4731708631,0.4144425178,-0.1609031045,-2.699311056
10363,-3.18616583,-0.8113113498,-0.0368803466,0.5640996748,0.2547038394,-0.08262208256,-2.913825984
10364,-3.033737577,-0.7608926823,-0.08039786454,0.6575507906,0.3564704114,-0.04243054707,-2.84315585
10365,-2.96025394,-0.6424900784,-0.4829737173,0.408685434,0.01084046346,-0.3494271053,-2.956099934
10366,-2.884126964,-0.966715745,0.1354329533,0.712519682,0.1711427692,0.1155205577,-2.710812806
10367,-2.962903151,-0.8252215174,-0.004200693476,0.6297292554,0.09245992917,-0.2218738019,-2.670559333
10368,-3.114289077,-0.5083959203,-0.2317927318,0.409811828,-0.139300975,-0.2587736331,-2.89269335
10369,-2.874762415,-0.7251816107,-0.08397098687,0.5588701458,0.3586326521,-0.3297814459,-2.604493468
10370,-2.944608142,-0.6535840234,-0.1286540866,0.4591581822,0.1077057539,-0.326987869,-2.727252205
10371,-3.077956837,-0.7320306176,0.06617295266,0.3960985367,0.2362438324,-0.1572642447,-2.826731415
10372,-2.812609299,-0.6183043368,0.1878711312,0.5610583502,0.3469064684,-0.1384021719,-2.729745373
10373,-3.004524356,-0.8605380027,0.17867596,0.596256642,0.1181149991,0.06894856536,-2.836352831
10374,-2.868932157,-0.8604390272,0.4772391075,0.691628846,0.12253264,0.2394630306,-2.966518218
10375,-2.783613138,-0.3947497063,-0.1929802643,0.3589198977,-0.1786512521,-0.3724263452,-2.846291616
10376,-2.918103243,-0.7644404613,0.2158954512,0.5704962321,0.09782447894,-0.2949389132,-2.891216298
10377,-2.854985857,-0.4759078639,-0.1091272268,0.4743972416,0.04308423208,-0.2628336592,-2.805396916
10378,-2.830756351,-0.4008372925,-0.1726573747,0.5805592044,-0.02185480836,-0.3679746794,-2.833164577
10379,-2.981786029,-0.605828326,-0.3264581725,0.388489918,0.1415187633,-0.5940699002,-2.721966484
10380,-3.298652384,-1.049548336,-0.07636829102,0.7488097459,0.1478373218,-0.2612470323,-2.634529812
10381,-2.93154929,-0.5189090701,-0.1876475397,0.3850030079,0.286506728,-0.6374423074,-2.790858989
10382,-3.053805174,-0.8658519324,0.1079990498,0.4380463392,0.3215599497,-0.3927514165,-2.812214072
10383,-2.931348341,-0.5593297599,-0.1643796402,0.4867144005,0.1687450852,-0.5678044665,-2.820608334
10384,-3.105088957,-0.6013935156,-0.05588254282,0.5511546762,0.1630933871,-0.4288087637,-2.74155363
10385,-2.98288955,-0.8816692447,-0.1868111193,0.5842253346,0.203437464,-0.3720062557,-2.605185979
10386,-3.138693935,-1.102351702,0.02057237414,0.6570554221,0.1913660517,-0.102936458,-2.697520747
10387,-2.884621194,-0.8685995195,-0.1017228077,0.5960315457,0.2753790487,-0.5517148031,-2.635837272
10388,-2.850881132,-0.8247801259,-0.09345892885,0.7050967507,0.1561574528,-0.2800860024,-2.652013303
10389,-2.927223648,-1.013252441,-0.1011463865,0.8021186928,0.3347588094,-0.2476602544,-2.613968917
10390,-2.986691822,-0.8583174154,0.02819153868,0.6999460747,0.2478287937,-0.285938537,-2.679127138
10391,-2.873847994,-0.7599338236,-0.1617035518,0.7765882137,0.2982511665,-0.4747247488,-2.493980488
10392,-3.041547863,-0.8998876554,0.002790054477,0.9541920421,0.02100227852,-0.4752798108,-2.682366906
10393,-3.322380786,-0.4555551939,-0.3068101845,0.2835524765,0.2105460909,-0.9928212613,-2.598605246
10394,-2.808815719,-0.70797213,0.002172214986,0.8020829376,0.1341930518,-0.3894404077,-2.543685812
10395,-2.863158363,-0.3441690349,-0.1545423486,0.7657648074,-0.05093845603,-1.152734221,-2.720632171
10396,-2.807464575,-0.3705091274,-0.2435229098,1.203357436,0.005342322931,-0.6301947034,-2.599533176
10397,-3.080938922,-0.7936080937,0.0947721085,0.5999184988,0.01990226111,-0.5613496546,-2.552373229
10398,-2.739032093,-0.6511968676,0.02268297752,0.7530644471,0.01027501799,-0.4051277928,-2.652704487
10399,-2.792116536,-0.6379353986,0.0616514801,0.7625258394,0.1854935847,-0.56836772,-2.709880887
10400,-2.715185846,-0.3704766751,-0.2109150211,0.813728246,0.0763013468,-0.6984905835,-2.745683536
10401,-2.98108248,-0.7106963117,0.07701588145,0.7952305357,0.07684812408,-0.6481453387,-2.636870918
10402,-3.134447403,-0.4374224449,-0.09514896321,0.7152621271,0.2330343164,-0.6645900537,-2.522048796
10403,-2.770245453,-0.6226467658,-0.01642731364,0.8158981999,0.1260624327,-0.5952030058,-2.724915876
10404,-3.12524819,-0.2289969613,-0.02351905188,0.6007173634,0.1970461625,-0.7616433607,-2.637423651
10405,-2.919434338,-0.5882756136,-0.06860021346,0.5794864408,0.1799290934,-0.6248975653,-2.650019499
10406,-3.101136591,-0.4029489227,-0.1881554992,0.7393519197,0.1771236339,-0.6066862337,-2.447925248
10407,-3.151956989,-0.4947298961,0.02925224371,0.5827374444,0.1595813884,-0.4492353491,-2.65048481
10408,-3.23707109,-0.2812169695,-0.07408972008,0.6289281729,0.1817844057,-0.7020418213,-2.644916349
10409,-3.02910083,-0.220844494,-0.1054814092,0.8154185431,0.2209788421,-0.7243028665,-2.663495747
10410,-3.018733804,-0.5467281791,-0.3140382511,0.6276471554,0.1598991871,-0.6200900381,-2.507544236
10411,-2.96602053,-0.2339318222,-0.3293122174,0.8160606046,0.2264128137,-0.7062553166,-2.644183991
10412,-2.67395569,-0.6515138328,-0.5356244736,0.6258971524,0.2321336117,-0.5867961935,-2.699054818
10413,-2.804061571,-0.6200007343,-0.6265065289,0.7023252784,0.1087493487,-0.853404644,-2.609228502
10414,-3.156161594,-0.5466892468,-0.1786974357,0.5785603296,0.07060978274,-0.5306499086,-2.689914206
10415,-3.116035579,-0.4675365325,-0.05627211939,0.6518569399,0.2294150279,-0.5837901028,-2.528815063
10416,-3.299258296,-0.6753749571,-0.09631040787,0.6619814783,0.1989588722,-0.4220212716,-2.520752664
10417,-2.948478274,-0.5341103818,-0.5246201201,0.8857054996,0.3448341064,-0.5537958664,-2.650152365
10418,-3.015331059,-0.496454251,-0.1093832207,0.7765087621,0.268775043,-0.5057884708,-2.749542545
10419,-3.303154315,-0.5872506111,-0.1503235248,0.4575677875,0.3748031001,-0.7741911782,-2.683105602
10420,-2.908953443,-0.6351372585,-0.3052333449,0.7710397827,0.2651299533,-0.4860001905,-2.654512469
10421,-2.790328018,-0.3097906233,-0.3159072934,0.7666179095,0.1456373477,-0.6835473421,-2.686917521
10422,-3.162155829,-0.4817754966,-0.1802002756,0.6786932223,0.2893641712,-0.5881762829,-2.607788107
10423,-2.893257555,-0.7571002952,-0.5344689857,0.7997090275,0.1795189023,-0.588882197,-2.47540781
10424,-3.01026791,-0.3987819032,-0.4152606962,0.6904899382,0.3084082051,-0.5315440293,-2.480780741
10425,-2.854423206,-0.5059020503,-0.2547884606,0.8530480466,0.2531540814,-0.5729787598,-2.749155723
10426,-2.654483328,-0.7224214748,-0.3821370375,0.874424555,0.1470405742,-0.5736206981,-2.79684796
10427,-3.078845211,-0.2815634179,-0.09625937106,0.8063446162,0.306841926,-0.6121144895,-2.599262403
10428,-3.047240785,-0.5824704873,-0.3180988241,0.5854928426,0.2863178496,-0.5825833825,-2.635093782
10429,-2.862886745,-0.6081007431,-0.4031447202,0.6684764303,0.1894659495,-0.4665866528,-2.5985796
10430,-2.829718023,-0.6564498534,-0.1392862446,0.7844411668,0.2779562639,-0.3539742679,-2.861496409
10431,-2.930618178,-0.5806329705,-0.07234948205,0.765504585,0.165367038,-0.3168245686,-2.50788955
10432,-2.870639859,-0.5814231419,-0.2661440917,0.6938275811,0.3458888761,-0.4946767323,-2.630642159
10433,-2.598418598,-0.6610217915,-0.4453268339,0.8941361733,0.2248555604,-0.6570204817,-2.659140506
10434,-2.650971729,-0.5834849197,-0.351143401,0.7648370199,0.3207171441,-0.7351787964,-2.673662319
10435,-2.641044416,-0.7028250956,-0.3305251309,0.7236171409,0.2447020779,-0.6460135998,-2.722231943
10436,-2.863420676,-0.7159558982,-0.2625616901,0.6188343083,0.391969046,-0.4642830805,-2.875592643
10437,-2.71298075,-0.7112606624,-0.3798945553,0.7908092525,0.3237851877,-0.5996522381,-2.701910963
10438,-2.758438608,-0.621712793,-0.3857040775,0.6481321609,0.3457673669,-0.5719721284,-2.680768201
10439,-2.819515966,-0.6595748001,-0.267754607,0.8721130796,0.4020210768,-0.554868655,-2.859115245
10440,-2.796241028,-0.5593907675,-0.6291646718,0.7926916257,0.5254904867,-0.6109530481,-2.909393246
10441,-2.906877864,-0.4715572855,-0.476882948,0.6671640486,0.2900227199,-0.6601667808,-2.682951351
10442,-2.834997626,-0.5973621049,-0.4415357199,0.6164448746,0.3352575148,-0.5996073987,-2.791134923
10443,-2.981965328,-0.5946540446,-0.3867780338,0.8038501292,0.5135344257,-0.648613568,-2.935261321
10444,-3.212413424,-0.6532190215,-0.1760179578,0.370162476,0.4162930079,-0.4715873794,-2.674521407
10445,-3.290173315,-0.7497995456,-0.2024189357,0.5297715958,0.4639668455,-0.4717464346,-2.759150398
10446,-2.86817716,-0.5842676537,-0.2935947299,0.6897040741,0.4236805177,-0.3871064796,-2.669399162
10447,-2.925083192,-0.6378745123,-0.4296024302,0.7737053796,0.3058418352,-0.5590124036,-2.595452468
10448,-2.982032599,-0.5513272878,-0.3040748948,0.5554434077,0.3645339425,-0.5648960081,-2.493497396
10449,-3.193412915,-0.4222209591,-0.0912337571,0.4646920542,0.2871984834,-0.6305859814,-2.505672171
10450,-2.728109225,-0.4508513,-0.4113038215,0.6438124874,0.1313555761,-0.5587947625,-2.544225043
10451,-3.268745207,-0.6430345125,0.0002739462668,0.5284005672,0.493525935,-0.5882497827,-2.637733684
10452,-2.497387642,-0.245712051,-0.2784457916,0.8425243595,0.4714518418,-0.6125032166,-2.696330542
10453,-3.183790389,-0.6390171279,-0.2820011837,0.5122762438,0.2077375569,-0.4532208305,-2.461438158
10454,-3.259780098,-0.3405683117,-0.252243318,0.6015473996,0.1212460917,-0.5711448664,-2.493655873
10455,-3.116821521,-0.2677133798,-0.3737685625,0.7024235158,0.03610193491,-0.6006737684,-2.643885147
10456,-2.97992445,-0.5576296049,-0.3635017999,0.4880873011,0.2797245601,-0.442739552,-2.706314598
10457,-3.163071163,-0.4324714,-0.4130208816,0.4158055835,0.1682057209,-0.4164024493,-2.56545181
10458,-3.175015123,-0.6662823754,-0.2122514391,0.3422045266,0.1618431702,-0.3006581122,-2.555752616
10459,-3.174711859,-0.4257628367,-0.3430398725,0.5490960297,0.1792025496,-0.49380842,-2.432454853
10460,-3.159156747,-0.3027242167,-0.2889166391,0.6359538326,0.1195854476,-0.3778748771,-2.614391048
10461,-3.17409166,-0.3223933023,-0.3488689595,0.602636348,0.2266839463,-0.7362489377,-2.540467777
10462,-3.13324166,-0.6403423212,-0.09585127881,0.4193075481,0.2373846116,-0.645413007,-2.528604259
10463,-2.99470532,-0.4088139505,-0.3814850011,0.5081084871,0.06621050282,-0.3352187702,-2.582937225
10464,-3.149293407,-0.2324657515,-0.5959201069,0.642854743,-0.05699643317,-0.4645448829,-2.425916201
10465,-3.314851311,-0.3235728912,-0.332795953,0.5153523014,0.1071584745,-0.4608534268,-2.336984791
10466,-3.249693528,-0.5292293928,-0.2466289167,0.2779789024,0.06205387975,-0.6532247304,-2.443093889
10467,-3.308217864,-0.3515591294,-0.4225667724,0.4179540593,0.03306471343,-0.5219713563,-2.444056621
10468,-3.187963384,-0.2620152762,-0.5183354245,0.5277414426,0.1897184069,-0.5764253449,-2.332026085
10469,-3.238566241,-0.5357233149,-0.4367206351,0.4788472199,0.2080378081,-0.399482886,-2.380734481
10470,-3.386178694,-0.3100215022,-0.3498872521,0.4926222338,-0.0275911577,-0.4335885147,-2.301772914
10471,-3.224739177,-0.2447895777,-0.2973195743,0.7655205683,0.1856118998,-0.3997950417,-2.328819263
10472,-3.08322545,-0.1824430066,-0.409192857,0.7123726727,0.04926377413,-0.4857199336,-2.577154031
10473,-3.163873771,-0.2979628016,-0.2730067881,0.7482071046,0.05141911821,-0.5435023279,-2.526325023
10474,-3.537711229,-0.1415060075,-0.6244046308,0.6489115805,0.02458574286,-0.4445138715,-2.439297727
10475,-3.301613459,-0.3272014712,-0.4012199278,0.5605269462,0.1564688847,-0.462120734,-2.429673123
10476,-3.285299863,-0.4540373277,-0.2641899521,0.4602507521,0.1476555374,-0.5480888736,-2.406308194
10477,-3.036879828,-0.2323947396,-0.063973315,0.5471100083,0.2068757642,-0.5454052893,-2.447052536
10478,-3.229458773,-0.3794146334,-0.2837280949,0.5821359773,0.1810637805,-0.5358674705,-2.331191094
10479,-2.957970234,-0.4120479334,0.02022903887,0.4273218535,0.3427554727,-0.9762010074,-2.503140562
10480,-3.077163075,-0.3399926155,-0.262614729,0.4996839284,0.146096441,-0.6804063972,-2.41401853
10481,-3.097793854,-0.266692968,-0.2067760714,0.6064761291,0.2677622788,-0.6912260078,-2.342727185
10482,-3.264975109,-0.1098595691,-0.3391534469,0.4399413409,0.179169922,-0.6810024106,-2.342794644
10483,-3.389981717,-0.1102440244,-0.3986119582,0.3540370431,0.1813779354,-0.5939294666,-2.361713537
10484,-3.249256708,-0.4402613211,-0.2724396952,0.3373831099,0.0125556609,-0.4404755614,-2.366793656
10485,-2.990787799,-0.447659603,-0.3262947216,0.4750262614,0.3013489507,-0.5621894309,-2.418505152
10486,-3.263385035,-0.4045219219,-0.3928945529,0.5280887019,0.1084582362,-0.3817805834,-2.506968768
10487,-3.40647568,-0.2103929287,-0.5025141484,0.3859175889,0.1518036706,-0.4326002304,-2.236145058
10488,-3.258304986,-0.06928013713,-0.4408815033,0.5440287456,0.2596595082,-0.3751229567,-2.3403687
10489,-2.838323629,-0.09233818607,-0.5544439891,0.9229967233,0.185151509,-0.4843204633,-2.219558363
10490,-3.138665907,-0.2116194748,-0.5297327499,0.7318356664,0.2504805273,-0.3004358198,-2.352444531
10491,-2.893618033,-0.222802127,-0.3577659311,0.9657526643,0.1153319608,-0.4528882933,-2.402224953
10492,-3.173092319,-0.1950569954,-0.3979729659,0.6501084509,0.1662416603,-0.4071037268,-2.447635429
10493,-3.07838582,-0.1588888096,-0.3152981664,0.743352118,0.3193855266,-0.6515046452,-2.318336008
10494,-3.12893946,-0.1763703454,-0.4038379662,0.6475331348,0.1812068481,-0.5131595595,-2.316932208
10495,-3.284240135,-0.1912737113,-0.2192461111,0.6382819283,0.1519135895,-0.5370326597,-2.367926952
10496,-3.183768531,-0.4089417018,-0.4766213505,0.5986220675,0.3096133073,-0.6227852724,-2.523005767
10497,-3.115028814,-0.3617271783,-0.4168848263,0.6189964089,0.1126715199,-0.3859166165,-2.460650399
10498,-3.082052354,-0.236133486,-0.4396629064,0.7468649365,0.3672471099,-0.6818093382,-2.450663055
10499,-3.079235033,0.07441213059,-0.3767996403,0.8955840476,0.4253302079,-0.9495294799,-2.267083252
10500,-3.24322121,0.08690466772,-0.3895732907,0.5547876531,0.2285840207,-0.6006168466,-2.207614781
10501,-3.309544862,0.01915278023,-0.3226137572,0.4441351387,0.1966728557,-0.6502308729,-2.365800857
10502,-3.24501012,-0.2247167268,-0.2361379936,0.3704659127,0.1761993596,-0.5258036719,-2.48498596
10503,-3.08151606,-0.4320532108,-0.1272715311,0.3339488026,0.3495437639,-0.5145984973,-2.611322103
10504,-3.014243704,-0.3775409533,0.01234730421,0.6095819084,0.1631551169,-0.5955387623,-2.520990699
10505,-2.99094202,0.01308490668,0.02993510162,0.5540684226,0.2530040783,-0.8058363276,-2.461573436
10506,-3.011153702,-0.1824959887,-0.4526999432,0.6746218852,0.4320914006,-0.5800491836,-2.594323098
10507,-2.959384546,-0.2685551658,0.07852981128,0.7186015078,0.3660452359,-0.7641432218,-2.589832132
10508,-3.148515276,-0.01972878084,-0.2771372101,0.6796854372,0.261326797,-0.608792959,-2.610111055
10509,-3.128898723,0.06579564613,-0.1950151086,0.816023343,0.5075151019,-0.8824920086,-2.483599472
10510,-3.002296335,-0.0540602224,-0.3999419506,0.7871,0.2251879406,-0.5098878498,-2.735483665
10511,-3.027929759,-0.1851023727,-0.4595051336,0.5513972986,0.07017814338,-0.7282629617,-2.699662532
10512,-3.15377968,0.0160343016,-0.5320746295,0.7648446759,0.06087448909,-0.6729932093,-2.459778574
10513,-3.093705968,0.1041875895,-0.6188772429,0.722107565,-0.04717085946,-0.5815955674,-2.620476067
10514,-2.971696385,0.1698678783,-0.8236727328,0.7763208396,0.1644491158,-0.5091882382,-2.53061798
10515,-2.95972737,-0.1072921614,-0.5512848899,0.7186766403,0.2490102125,-0.7049582057,-2.828954379
10516,-3.079073329,0.1456511545,-0.4577180108,0.7477218553,0.3045050459,-0.7771870845,-2.612179764
10517,-2.967919803,-0.1635316159,-0.4933913534,0.6494648974,0.1816435853,-0.6039462146,-2.684213664
10518,-3.024632932,-0.03309924992,-0.5421893895,0.7795072414,0.2958458541,-0.7927220252,-2.65500546
10519,-2.924465914,0.06722061062,-0.6514615528,0.9206421631,0.3118538252,-0.4202002104,-2.578123519
10520,-2.645105453,0.1525123574,-0.5306376149,0.8305260071,0.3368672975,-0.3256828509,-2.540170497
10521,-2.872174728,-0.1535655355,-0.3958754643,0.623595047,0.2354479395,-0.5034370852,-2.646002253
10522,-2.384671223,-0.09895077071,-0.5385540298,0.867488249,0.2511717521,-0.5698334768,-2.853269103
10523,-3.002105089,-0.481624428,-0.1271219037,0.5501328703,-0.08293077051,-0.7977632288,-3.03901482
10524,-2.877385659,-0.1111028809,-0.5750117819,0.7972711584,0.281385841,-0.9006096682,-2.481973577
10525,-3.315908722,-0.5766391265,-0.1994360535,0.686188566,0.07621519828,-0.67026099,-2.804881814
10526,-2.696509873,0.003740305127,-0.5244150421,0.7744504238,0.2712858384,-0.5739794111,-2.542898483
10527,-2.972918237,-0.1464412004,-0.3416582288,0.6454191383,0.03138981236,-0.8228538618,-2.87499202
10528,-2.867380123,-0.1597406056,-0.5677639926,0.647056698,0.2605347125,-0.8398541356,-2.797363288
10529,-2.578490513,-0.02697544589,-0.4481148311,0.7682293608,0.4183620058,-0.6472895213,-2.667104579
10530,-2.862371281,-0.07459915097,-0.4235583874,0.8312938288,0.2510280233,-0.7190815562,-2.722384783
10531,-2.699049346,0.06475064327,-0.4927701705,0.8390919737,0.4164005246,-0.5709579587,-2.708759411
10532,-2.719586896,-0.007789095967,-0.59061006,0.7403700163,0.2671501948,-0.6708881621,-2.656418024
10533,-3.124248722,-0.2382508486,-0.4830045474,0.7062613043,0.2394595673,-0.652322028,-2.890598798
10534,-2.750685728,-0.2389165055,-0.49660228,0.5892006014,0.221454217,-0.5190274185,-2.975921813
10535,-2.810836694,-0.2030841033,-0.4337076617,0.7087221845,0.1719422855,-0.5533280433,-2.813490796
10536,-2.483461578,0.4870586838,-0.9140055168,0.9438688089,0.678075236,-0.3573377672,-2.329864862
10537,-2.496707006,0.1386868051,-0.4359677085,0.8337947076,0.3994198357,-0.6319344632,-2.705540117
10538,-2.762883126,-0.3344290396,-0.2418557984,0.6798418696,0.2631389212,-0.5266652086,-2.767829858
10539,-2.61935747,-0.1850270443,-0.5380400275,0.6829824052,0.3069327682,-0.2950350251,-3.060964118
10540,-2.712425381,-0.4088576021,-0.1268908105,0.6265494858,0.2918643441,-0.6041878999,-2.862175731
10541,-2.597719427,-0.422295359,-0.3517243874,0.5878083192,0.284597561,-0.5400337461,-2.814211197
10542,-2.077368834,-0.4118642613,-0.2039393472,0.6042749402,0.1134908407,-0.5915481472,-2.914537738
10543,-2.638626362,-0.3135727725,-0.4395891533,0.6498685396,0.191788251,-0.313396892,-2.695806011
10544,-2.473073146,-0.2654409338,-0.3458846187,0.6797917233,0.1059360402,-0.2825877185,-3.010561649
10545,-2.742311555,-0.2916202614,-0.316732004,0.62310244,0.1643043293,-0.3642941101,-2.971272568
10546,-2.71092746,-0.4971839269,-0.2573015272,0.439278972,0.1373740262,-0.2446149095,-2.899568008
10547,-2.62987156,-0.3475927918,-0.4334472528,0.629106723,0.1621136875,-0.5435278806,-2.279324979
10548,-3.18155228,-0.3577293552,-0.297521426,0.7274382206,0.1343417224,-0.4569419625,-3.016206896
10549,-2.83296349,-0.374727024,-0.4719146444,0.5472451027,0.2205814919,-0.3804686757,-2.881094874
10550,-2.781144144,-0.3242179437,-0.389898011,0.6944343887,0.09981797923,-0.4424526014,-2.622774541
10551,-2.928538879,-0.3988150393,-0.302489864,0.6516796156,0.1919331884,-0.4960641861,-2.694187746
10552,-2.72062642,-0.4895215875,-0.3901660736,0.6999655756,0.1928418275,-0.4210618137,-2.793729367
10553,-2.616069983,-0.3008739143,-0.5491162573,0.750007481,0.2153719886,-0.3180343747,-2.601444815
10554,-2.749950329,-0.1923945894,-0.4526328119,0.7708920108,0.2477270087,-0.5539025889,-2.658932796
10555,-2.757632487,-0.3114969088,-0.521204776,0.6155398133,0.2254498072,-0.2871217574,-2.519237077
10556,-2.70472873,-0.2662573432,-0.6360095867,0.7119435379,0.2191592666,-0.4026450134,-2.500266173
10557,-2.845874777,-0.5040572211,-0.289961502,0.6513641292,0.1471500386,-0.5695856501,-2.723545105
10558,-2.998182305,-0.3362098505,-0.4523367561,0.6720574489,0.2601944378,-0.5898396353,-2.593286827
10559,-2.892914006,-0.2846122546,-0.7321591319,0.8235493959,0.1374719051,-0.4449167498,-2.406480033
10560,-2.973590973,-0.2965250338,-0.7103578533,0.6962793669,0.2147630934,-0.3047889868,-2.352585734
10561,-2.823334315,-0.3236459125,-0.4813544117,0.6878169605,0.063400154,-0.4865889443,-2.693666596
10562,-2.735484597,-0.1044366334,-0.5906795641,0.7646703399,0.20203497,-0.4117716062,-2.260486256
10563,-3.087317144,-0.6255627989,-0.3279747909,0.5381582663,-0.03348726813,-0.5483373849,-2.762530339
10564,-2.91371025,-0.1935447964,-0.7743271796,0.710310754,0.2076260222,-0.4269667392,-2.450677167
10565,-2.714137179,-0.2962865043,-0.597821677,0.6291427282,0.2250208001,-0.3290741973,-2.623767773
10566,-2.814650773,-0.5072532084,-0.6852616175,0.6429223207,0.3589515749,-0.2452186485,-2.487680636
10567,-3.130973537,-0.6157571521,-0.7172437497,0.399618613,0.1641654238,-0.4705727891,-2.523109995
10568,-2.884993982,-0.54569855,-0.5419642033,0.5855577577,0.2996121027,-0.3302110633,-2.607864706
10569,-2.940645829,-0.5312605956,-0.7711780014,0.6594988839,0.1307544736,-0.5933968551,-2.507126427
10570,-2.815932684,-0.3609356233,-0.6077558822,0.7228346712,0.3104223552,-0.446238578,-2.460780507
10571,-2.87403814,-0.358509513,-0.4373341971,0.7032348086,0.2754344613,-0.6242207563,-2.502643141
10572,-2.908520426,-0.2925200594,-0.4791441602,0.4990230098,0.4799233425,-0.3040456588,-2.429813925
10573,-2.438855836,-0.2861115928,-0.2659471075,0.6731095964,0.2733801565,-0.6992224993,-2.38894419
10574,-2.610179901,-0.1997094781,-0.6791954632,0.6486526484,0.3612999988,-0.5128165004,-2.430435705
10575,-2.704635844,-0.2578231097,-0.3876655348,0.6248770788,0.350066776,-0.5144374084,-2.480975188
10576,-2.90366815,-0.1158789635,-0.5972872129,0.5902189174,0.237921464,-0.5628665721,-2.424904079
10577,-2.915396986,-0.3747548001,-0.7229575018,0.4878768764,0.08091544577,-0.1271828543,-2.678837864
10578,-2.581224823,-0.3767568321,-0.509674158,0.5045472473,0.2458655418,-0.4269498611,-2.528173745
10579,-2.618777124,-0.3405465496,-0.3391087951,0.5702947764,0.234083204,-0.4402273861,-2.622497515
10580,-2.563326385,-0.3727796133,-0.45129447,0.5768483115,0.1946420327,-0.5201785812,-2.507625281
10581,-2.673241748,-0.3342411436,-0.4692393772,0.6910302343,0.1868612945,-0.4483005447,-2.457039633
10582,-2.867849534,-0.3987689029,-0.5247702852,0.4980416021,0.2721946485,-0.4640667719,-2.507692687
10583,-2.930883993,-0.3203803541,-0.7195431744,0.4128607609,0.211172506,-0.4458401538,-2.497766427
10584,-3.078328614,-0.3333820348,-0.4839296975,0.5176782493,0.1418232047,-0.2464312012,-2.473300316
10585,-2.849128387,-0.5820981026,-0.5120159703,0.4417639127,0.3099392412,-0.311098396,-2.378712916
10586,-2.733931066,-0.3532563414,-0.4410300452,0.4830933691,0.2954026557,-0.2257784664,-2.313296873
10587,-2.977885986,-0.3226742969,-0.5944930746,0.6005911902,0.1737242906,-0.3193611906,-2.638804326
10588,-2.903290679,-0.3147747928,-0.4835266752,0.4969565412,0.1645936751,-0.0501543397,-2.515063852
10589,-2.909642236,-0.3165742594,-0.4236250658,0.416358835,0.4105505707,-0.1689372125,-2.237780252
10590,-2.708803775,-0.4033209545,-0.3476479752,0.4012217672,0.2559380224,-0.1887805103,-2.314211773
10591,-3.049546239,-0.1389355465,-0.565398409,0.3472746679,0.2610610582,-0.08882104128,-2.106977807
10592,-2.816454994,-0.4233241927,-0.3292609565,0.3022987829,0.2358474075,-0.2738643841,-2.287011216
10593,-2.761421856,-0.4245410586,-0.4132988556,0.4515456266,0.2155545937,-0.3966325057,-2.37619361
10594,-2.903167126,-0.4190676648,-0.6436150627,0.5873308284,0.1368442506,-0.1922559377,-2.390217586
10595,-3.053578493,-0.2901177903,-0.7130806623,0.5208786674,0.1679316964,-0.09860253381,-2.305841145
10596,-2.692236693,-0.6448774078,-0.3352600212,0.6835206052,0.3641450215,-0.4327429946,-2.456675241
10597,-2.707799926,-0.4127401809,-0.3416964145,0.5149742683,0.3335245118,-0.3921781561,-2.46849923
10598,-3.036656432,-0.5645374229,-0.4780528471,0.3602796659,0.2857059493,-0.2620376293,-2.599384043
10599,-3.014008857,-0.4920105532,-0.6522582178,0.7187847089,0.2168363309,-0.3378688146,-2.375605844
10600,-2.810341441,-0.3646911185,-0.5580327286,0.6888496077,0.08451033603,-0.2919993715,-2.384285646
10601,-2.384321422,-0.3900145532,-0.3921756654,0.6912831678,0.1837110715,-0.5418207877,-2.47598369
10602,-2.645858958,-0.3363602527,-0.4538559043,0.5199579388,0.1901060842,-0.4096417334,-2.511584462
10603,-2.382226331,-0.5563905931,-0.3155167807,0.6013063349,0.2963598856,-0.5840296777,-2.601842185
10604,-2.304371996,-0.6781302786,-0.3297784212,0.4589644907,0.2006813505,-0.4084269431,-2.537389078
10605,-2.151189327,-0.6672063865,-0.2716525169,0.649735195,0.2240141068,-0.6149729939,-2.643482399
10606,-2.262147118,-0.5224870507,-0.5227656823,0.5820207682,0.4688958462,-0.3968472211,-2.554203213
10607,-2.616119285,-0.4077236288,-0.6785964742,0.5179157261,0.212572148,-0.2481424699,-2.425081105
10608,-2.744890951,-0.3910842996,-0.6128712487,0.5060188066,0.1628790958,-0.3134065675,-2.420724188
10609,-2.653582356,-0.5192079861,-0.542598682,0.8380320048,0.09407062782,-0.5193071776,-2.511460328
10610,-2.598693543,-0.5979860945,-0.5279878664,0.7474318722,0.1195910255,-0.3921176322,-2.648625141
10611,-2.638491445,-0.6607721117,-0.5246915517,0.8255080799,0.2036463849,-0.5820689078,-2.70119224
10612,-2.679785249,-0.674387468,-0.5267500449,0.6040502105,0.2045034925,-0.523028512,-2.649287143
10613,-2.519558921,-0.4482173117,-0.4858567348,0.7561437897,0.3070151451,-0.4194670077,-2.67500605
10614,-2.684149152,-0.520617035,-0.6142055229,0.5474403845,0.2612245053,-0.527584875,-2.276004788
10615,-2.862273326,-0.6485445774,-0.4142769749,0.6609630248,-0.04919497715,-0.4873800258,-2.450181767
10616,-2.692096248,-0.4280281228,-0.5316945937,0.4736409945,0.2929646946,-0.6163798459,-2.350434229
10617,-2.765239648,-0.4893324062,-0.5861260155,0.7937674578,0.3157918906,-0.2138265121,-2.417810343
10618,-2.766519605,-0.5548684252,-0.4054541472,0.5515310935,0.1427473079,-0.4417187172,-2.265212681
10619,-2.692121924,-0.09405845356,-0.7980951864,0.7211637628,0.2047151483,-0.1757237924,-2.365833934
10620,-2.793243102,-0.4185274338,-0.6480333991,0.5997750138,0.2126951847,-0.1956555672,-2.409179537
10621,-2.520672089,-0.5679770469,-0.48938275,0.442619535,0.3443145035,-0.4138568576,-2.426213462
10622,-2.59315484,-0.3776783858,-0.3643577809,0.4719122773,0.2854992352,-0.5029378755,-2.388139823
10623,-2.975877911,-0.325774992,-0.7040319773,0.8620008468,0.054420827,-0.1101324711,-2.25686321
10624,-2.839718426,-0.3476010244,-0.5410707494,0.8371278592,0.1337539913,-0.1233471711,-2.444995109
10625,-2.348863189,-0.4269626501,-0.5370891145,0.6788664419,0.3286404009,-0.3142783419,-2.517032954
10626,-2.48895161,-0.364336293,-0.3087667547,0.7537017499,0.1760771375,-0.2965641701,-2.692395397
10627,-2.526629414,-0.2514576003,-0.7344329805,0.7926093668,0.1067318547,-0.1642512224,-2.440984099
10628,-2.622084527,-0.4445686404,-0.5655197723,0.667708433,0.1982380635,-0.2379996549,-2.413865237
10629,-2.813117094,-0.2358037202,-0.4683950326,0.7608674149,0.1243273948,-0.1077757176,-2.444764251
10630,-2.710678572,-0.2531691416,-0.3037514023,0.5557656663,0.1375302799,-0.3039779132,-2.509289425
10631,-2.724600649,-0.1852131929,-0.4547365504,0.736301407,0.1329455286,-0.3720166037,-2.482481055
10632,-2.675291705,-0.3130114198,-0.4578490493,0.5726943262,0.3091373566,-0.2486666338,-2.422259858
10633,-2.719729373,-0.130676635,-0.3577534554,1.036980558,0.03306665049,-0.09703959532,-2.464781306
10634,-2.551445184,-0.3517034623,-0.4005628141,0.7834192354,0.1966253759,-0.2705938414,-2.437325563
10635,-2.608245537,-0.1400218917,-0.2844527696,0.886663168,0.1261113539,-0.1938792835,-2.530529277
10636,-2.495800795,-0.3333811136,-0.5740658191,0.9965272633,0.1818582406,-0.1310216188,-2.328228284
10637,-2.79836333,-0.1319551028,-0.3541707363,0.7932057358,0.2571616646,-0.07402492389,-2.420146417
10638,-2.553683655,-0.1753503376,-0.4998707725,0.5981488166,0.483895388,-0.2432783456,-2.721711009
10639,-2.414084221,-0.1905406573,-0.325777192,0.9467553439,0.2948664719,-0.2749113426,-2.748872025
10640,-2.490407313,-0.06442421882,-0.2880224256,1.049546305,0.1379049132,-0.218983908,-2.726824267
10641,-2.532929405,-0.2401436365,-0.3598438748,0.7230323455,0.3345054704,-0.3594391045,-2.767673019
10642,-2.49137915,-0.2353750959,-0.3339934757,0.751972025,0.3294095955,-0.1653236876,-2.750983549
10643,-2.530936661,-0.289607968,-0.3675965168,1.011045825,0.3410113972,-0.4047358741,-2.752736982
10644,-2.615070615,-0.552448179,-0.2058458537,1.008718817,0.1954575116,-0.362492881,-2.589230295
10645,-2.509907047,-0.7822430896,-0.4181600545,0.9881749371,0.2211435214,-0.4273196986,-2.574283655
10646,-2.533606111,-0.4814353609,-0.2959311667,0.8284465826,0.3006978595,-0.2567394176,-2.600796053
10647,-2.694740121,-0.5692021984,-0.3614883509,0.7301403185,0.3158111908,-0.1926643611,-2.664569782
10648,-2.612004886,-0.5066914382,-0.3553084901,0.7442558898,0.378136156,-0.105717248,-2.550627458
10649,-2.625591956,-0.6724189579,-0.1352955246,0.7841527423,0.2492188513,-0.1821792547,-2.834179671
10650,-2.707695957,-0.9132548292,-0.1967918358,0.8239954666,0.183985805,-0.2388878038,-2.981038647
10651,-2.733448405,-0.9563365088,-0.2172754702,0.7376218966,0.2717486184,-0.2191360348,-2.795325126
10652,-2.470378007,-0.986201265,-0.3641752565,0.8245928703,0.3213076634,-0.4159224077,-2.765134128
10653,-2.727691169,-0.7707408916,-0.2927162961,0.914124296,0.2066997354,-0.2660476936,-2.825995726
10654,-2.543194712,-0.8686580601,-0.2714820284,0.6560490379,0.3244168797,-0.3096040112,-2.738696483
10655,-2.828502951,-0.6341487264,-0.4420207352,0.8518231416,0.1784068737,-0.2885713906,-2.782730571
10656,-2.567948215,-1.06025325,-0.2791627279,0.83144052,0.195093615,-0.3658191947,-2.932606781
10657,-2.950268462,-0.803689786,-0.4917467582,0.8667845382,0.1224853796,-0.2859885698,-2.971824388
10658,-2.74989773,-0.9328457285,-0.3250652086,1.120946279,0.2983658377,-0.492906484,-2.955506738
10659,-2.500377647,-0.6840066564,-0.5579624909,0.9541562273,0.215343766,-0.3924253967,-2.735840008
10660,-2.706516834,-0.9445138933,-0.3592990348,0.9784166476,0.2000601571,-0.2022217761,-2.936426789
10661,-3.139358464,-0.4434029707,-0.2945555084,0.9845176957,0.05275097805,-0.03994634743,-2.804713129
10662,-3.06791777,-0.4546183943,-0.1173653772,0.9817907009,0.2469414582,0.04932930055,-2.769742652
10663,-2.573375258,-0.5561442662,-0.4045115594,0.7582141434,0.1590650698,-0.5324186516,-2.594571097
10664,-2.424772677,-0.5352817253,-0.6005511039,0.8246764652,0.1310794309,-0.7365970477,-2.719283158
10665,-2.65370954,-0.4162515701,-0.2939971406,1.040778297,0.1780843107,-0.4063808467,-2.511083394
10666,-2.642878478,-0.583223464,-0.2051853683,0.8736012051,0.2027418689,-0.4609867463,-2.725361745
10667,-2.994388658,-0.5837178337,-0.1298890298,0.8511963365,0.2648356787,-0.2617688365,-2.743169227
10668,-2.60019901,-0.3706400753,-0.3149942423,0.8178649615,0.3583572167,-0.4963177541,-2.616546197
10669,-2.650150112,-0.4654960046,-0.4753932061,0.7022520259,0.2212545752,-0.5508502633,-2.605240635
10670,-3.053048397,-0.3934011092,-0.1202745752,0.8095201759,0.01881934251,-0.4172616278,-2.691267691
10671,-2.71261298,-0.307671595,-0.5099930051,0.7467243981,0.1420435563,-0.2927118106,-2.712055061
10672,-2.780734992,-0.2540671816,-0.5250806332,0.9041219246,0.2305938212,-0.3147886765,-2.598306093
10673,-3.064158202,-0.2674765965,-0.2006392355,0.8520084631,0.1574550886,-0.144048618,-2.635976024
10674,-2.807683147,-0.4928868238,-0.4151803629,0.8950454839,0.1462238016,-0.3053315545,-2.62121775
10675,-2.852866263,-0.5876780064,-0.5771765972,0.9634938762,0.08554787648,-0.4273083555,-2.598764394
10676,-2.730984812,-0.548696643,-0.6657298203,0.9061812293,0.03826068817,-0.6320385938,-2.617568485
10677,-2.71499227,-0.5635705934,-0.2510524412,0.8446850457,0.0707947901,-0.1959617428,-2.607480299
10678,-2.64316429,-0.8595896774,-0.4580972686,0.748986426,0.1795712172,-0.275363976,-2.729298319
10679,-2.929971462,-0.5085419683,-0.3432797833,0.8150585214,0.1118407278,-0.1620948313,-2.621912613
10680,-3.175852001,-0.6103980605,0.074383474,0.9829183356,0.1077551615,0.05223117034,-2.769524659
10681,-2.719174719,-0.6301521374,-0.3690244509,0.8506058184,0.2577753443,-0.3599131921,-2.724483532
10682,-2.964350815,-0.462528816,-0.1550436835,0.8553937228,0.1245152426,0.02456995198,-2.626457138
10683,-2.747037407,-0.4349070135,-0.2545419635,0.6287649032,0.3001653075,-0.2055644422,-2.686950562
10684,-2.505276698,-0.5447762636,-0.4416538218,0.6759138193,0.2731723596,-0.3024178858,-2.697165995
10685,-2.29878161,-0.9155427124,-0.2704080405,0.6158265668,0.3510387085,-0.5467896233,-2.648642929
10686,-2.899058323,-0.365461831,-0.2998605874,0.7865286395,0.1614186384,0.02890319911,-2.604321835
10687,-2.740369099,-0.389319352,-0.576653851,0.5479807902,0.09076040038,-0.3931937574,-2.558289647
10688,-2.569596238,-0.6187946479,-0.2797487315,0.6186226613,0.42591628,-0.2529687709,-2.669482538
10689,-2.808936405,-0.3406241325,-0.5675604307,0.5098909763,0.3779752637,-0.1809446674,-2.427055294
10690,-2.658370096,-0.1635942472,-0.6656346064,0.6137800727,0.2047712794,-0.2895970508,-2.702676094
10691,-2.580982986,-0.7192047942,-0.3230939019,0.6914397325,0.1575747438,-0.1599513284,-2.757790821
10692,-2.69435286,-0.3336536656,-0.5221311268,0.7513642162,0.4499403727,-0.2331609755,-2.720587038
10693,-2.620285293,-0.5611973091,-0.3646686446,0.5585464811,0.2576147566,-0.2890620697,-2.672376913
10694,-2.577948758,-0.185650244,-0.5433696653,0.6787729731,0.3959234761,-0.3599095442,-2.601165657
10695,-2.373484693,-0.5505738006,-0.2896324205,0.7952200509,0.3224626575,-0.4144126935,-2.547658631
10696,-2.744870598,0.05436771606,-0.6596971433,0.6901237443,0.3703952639,-0.1903176232,-2.546654373
10697,-2.313167213,-0.8931325879,-0.279835544,0.6436343329,0.2806061159,-0.3620654439,-2.661654287
10698,-2.484374126,-0.2490941507,-0.6578911533,0.7388936586,0.5821662493,-0.3357460285,-2.508467181
10699,-2.62571092,-0.09790711643,-0.6513779904,0.6794000477,0.6576613728,-0.1565640959,-2.439351452
10700,-2.499348716,-0.3636362709,-0.4959946694,0.6059131254,0.4206519404,-0.2954030179,-2.618893381
10701,-2.27138137,-0.7495494965,-0.1430231522,0.5529008146,0.5219156558,-0.632637674,-2.663705926
10702,-2.313608344,-0.8103265185,-0.1671531839,0.6148160459,0.4771581134,-0.5138769337,-2.658832516
10703,-2.373441106,-0.6761996693,-0.1343193734,0.6322582755,0.3624600874,-0.3783744618,-2.718138035
10704,-2.339173506,-0.7485186491,0.01210765877,0.4490344219,0.6084466874,-0.520574176,-2.667413172
10705,-2.452984378,-0.5129151464,-0.2462774927,0.4376918591,0.6463611243,-0.4198533394,-2.647075431
10706,-2.364364916,-0.6725309162,-0.3797852375,0.4884647686,0.6114711547,-0.3820472339,-2.697898289
10707,-2.428660018,-0.5823195309,-0.281031366,0.3275862675,0.535769449,-0.3836298941,-2.609749772
10708,-2.453105901,-0.582318909,-0.4105761186,0.3669848642,0.6468540284,-0.1651795528,-2.598855344
10709,-2.238053762,-0.7551516231,-0.2598393781,0.3535897867,0.7434593121,-0.4745845258,-2.535248301
10710,-2.09158387,-1.013760877,-0.04574592091,0.4234241673,0.6746073351,-0.4646707257,-2.709457951
10711,-2.604729339,-0.4032963068,-0.4617468897,0.4115023796,0.4652930894,-0.1179356906,-2.839328508
10712,-2.567577663,-0.6116955894,-0.3912966693,0.3233868801,0.5328024202,-0.5460203009,-2.582792355
10713,-2.531655696,-0.2542764018,-0.5252827247,0.3109745813,0.4745635495,-0.1905647198,-2.554309391
10714,-2.453031981,-0.6304903381,-0.3702222029,0.4235296055,0.5374540778,-0.2686535387,-2.649245904
10715,-2.326151143,-0.9719539666,-0.1004431907,0.4830906316,0.4493050416,-0.3619330102,-2.705611413
10716,-2.588334689,-0.4762152419,-0.5875766521,0.2508253738,0.6658894677,-0.3535001413,-2.618884007
10717,-2.760964948,-0.246034955,-0.4594105804,0.3838971312,0.3598443321,-0.1843354836,-2.518298956
10718,-2.508190328,-0.7097283182,-0.1315332753,0.4192316989,0.4610692819,-0.3425724787,-2.673377746
10719,-2.911964729,-0.03022422305,-0.8364009478,0.2584117981,0.4458537605,-0.3580979999,-2.505115534
10720,-2.448512852,-0.4356217576,-0.4328753176,0.2302387573,0.5444810362,-0.6156721842,-2.797286431
10721,-2.286087722,-0.9004248829,-0.1751372515,0.4830145486,0.6314792001,-0.5533282646,-2.699093792
10722,-2.774071478,-0.565840998,-0.4288607125,0.3637037517,0.604944474,-0.2357223024,-2.691668915
10723,-2.54053079,-0.8916404876,-0.2667843722,0.5518445139,0.5649787034,-0.0620024668,-2.641719019
10724,-2.641871869,-0.5214523092,-0.666718765,0.5256959505,0.570845335,-0.2915266082,-2.423176817
10725,-2.707764835,-0.4422125871,-0.3732679693,0.3111628591,0.5979987125,-0.01235637458,-2.861147708
10726,-2.792633156,-0.425766413,-0.5745107064,0.5631859039,0.4228566869,-0.3202530677,-2.651052758
10727,-2.692018781,-0.6241128965,-0.6243301998,0.3582015287,0.4802121522,-0.3784007444,-2.552620048
10728,-2.580347531,-0.7814449975,-0.4084429972,0.3053299273,0.5646472177,-0.4641012603,-2.591349033
10729,-2.608567444,-0.7738237531,-0.2946785484,0.5179536102,0.5575366264,-0.3239332656,-2.587861392
10730,-2.803949951,-0.2694746874,-0.6575071726,0.5325723221,0.5350902912,0.02284928404,-2.664477021
10731,-2.938996272,-0.2194670592,-0.6446903626,0.5546967647,0.6079240985,-0.1044681707,-2.541327225
10732,-2.852168205,-0.5957478017,-0.4458073953,0.5668559707,0.4429865452,-0.1836783924,-2.616961602
10733,-2.404914531,-0.8235924423,-0.3030556973,0.424310804,0.502421385,-0.2305120736,-2.638465741
10734,-2.405853526,-0.7313206623,-0.3547070632,0.5309799896,0.5235428347,-0.3813479593,-2.432984325
10735,-2.534760594,-0.699328364,-0.5663264584,0.5295521714,0.6303434773,-0.3546014954,-2.617314604
10736,-2.560290742,-0.6066530293,-0.5036660964,0.4564334208,0.5414492842,-0.3618250639,-2.591756957
10737,-2.710371074,-0.6009307388,-0.7001682489,0.4284822602,0.6509875961,-0.1114264528,-2.63794024
10738,-2.787168927,-0.5245276346,-0.7453244319,0.3876366459,0.488090003,-0.5715260462,-2.409584996
10739,-2.694040553,-0.5663703127,-0.3785760394,0.4669099926,0.6147944934,0.2904087058,-2.860941615
10740,-2.777990175,-0.3894650304,-0.6797087584,0.2848045641,0.4590744292,0.05237776891,-2.649896432
10741,-2.496557134,-0.7586339927,-0.2987486056,0.3203642128,0.626676634,-0.0449614662,-2.670678434
10742,-2.561792777,-0.3374203414,-0.8805210385,0.4502315306,0.4750180423,-0.3467796307,-2.451640234
10743,-2.477109832,-0.4700542937,-0.574011995,0.4617152107,0.5565951412,-0.3222020151,-2.466719585
10744,-2.798238652,-0.3057690979,-1.022734623,0.3532279917,0.5351889722,-0.08450689316,-2.476486813
10745,-2.69187788,-0.442865594,-0.7333153168,0.4399784898,0.7356932086,-0.1193553756,-2.468606496
10746,-2.637516083,-0.3549773804,-0.9775885089,0.5086699048,0.6683116073,-0.3588423697,-2.35874655
10747,-2.835125011,-0.3008457234,-0.9063461398,0.4797220732,0.5795508935,-0.07033625302,-2.533041435
10748,-2.655942232,-0.4978268301,-0.7348239024,0.4999182468,0.573138703,-0.2552971215,-2.472665182
10749,-2.690842689,-0.4784654096,-0.9221011735,0.5106753334,0.6100403031,0.0273601105,-2.442034909
10750,-2.923485342,0.0246458435,-1.159130328,0.7141619253,0.4855774615,0.3362870501,-2.226587802
10751,-2.787286459,-0.4471740742,-0.5779565416,0.5390646162,0.5044602695,-0.482718359,-2.41966046
10752,-2.803860677,-0.2066045862,-0.9404321061,0.7305016935,0.5133116617,-0.1638969837,-2.392379406
10753,-2.666774284,-0.5570189397,-0.5196679489,0.2989257683,0.7593554674,-0.4466351933,-2.408257874
10754,-2.602578969,-0.5425078636,-0.6646768555,0.4967744609,0.9325154072,-0.3235478199,-2.483192945
10755,-2.937878809,-0.4449431559,-0.7474576189,0.3787042278,0.7325252043,-0.1874455586,-2.506908739
10756,-2.895244749,-0.3798476177,-0.8115661578,0.3444160749,0.7054578228,-0.2341541822,-2.446202065
10757,-2.692369363,-0.380638329,-0.8335904122,0.4314800616,0.7255313002,-0.1360329396,-2.457959213
10758,-2.685518797,-0.3701228719,-0.8043756943,0.5072728839,0.6756807684,-0.3534565647,-2.460641768
10759,-2.808827411,-0.2071672006,-0.8995169724,0.7222759465,0.6393182698,-0.2261325927,-2.362248453
10760,-2.562693953,-0.6702966245,-0.664509448,0.6480469338,0.6532207652,-0.4808939999,-2.475890225
10761,-2.767121607,-0.6520288978,-0.7523572432,0.6761320324,0.6630068358,-0.1413247976,-2.490257275
10762,-2.86645283,-0.6202835974,-0.5325332073,0.5993220549,0.7136952057,-0.09936515545,-2.536116747
10763,-2.61796811,-0.664421244,-0.5855780096,0.5756107865,0.8210199927,-0.2630917354,-2.530074588
10764,-2.886803729,-0.4107951179,-0.7690709548,0.811144805,0.684660999,-0.3046362256,-2.358432955
10765,-3.064532748,-0.2686628691,-0.8612241455,0.8665781506,0.7196768825,-0.1620669593,-2.271042728
10766,-2.861003093,-0.3167880591,-0.8049652606,0.6452172073,0.8444355606,-0.2311812141,-2.496214307
10767,-2.658115502,-0.7343424089,-0.4779105037,0.4390915849,0.6881143368,-0.03144360146,-2.530287736
10768,-2.651399149,-0.6556208406,-0.6156026447,0.3622355188,0.6184040301,0.3314050716,-2.706302971
10769,-2.621137569,-0.6754757447,-0.2179641787,0.4273906851,0.6557336279,0.07390999003,-2.668978588
10770,-2.626524438,-0.4688327043,-1.02912938,0.6243918615,0.7107849481,-0.4454241516,-2.588210832
10771,-2.613426625,-0.4848613876,-0.3911420806,0.4285623458,0.6231786521,-0.3321428831,-2.461644025
10772,-2.387131621,-0.653013365,-0.635882558,0.3819229541,0.8737011271,-0.2939836887,-2.493116689
10773,-2.578017612,-0.6059208705,-0.6087524505,0.5498073426,0.7603786769,-0.1875831049,-2.607975081
10774,-2.702703579,-0.2662312104,-0.6998754891,0.4159062702,0.6755259246,0.001489730086,-2.535484531
10775,-2.847131983,-0.317096924,-0.5881512541,0.4390849123,0.6101178763,-0.04571815455,-2.511687577
10776,-2.496875898,-0.5320087322,-0.5254121881,0.3094747683,0.4989775978,-0.1466988186,-2.520125867
10777,-2.617681242,-0.5740344516,-0.405552928,0.2738370226,0.6757630004,-0.1564383681,-2.595975131
10778,-2.748940007,-0.3673531026,-0.5699132758,0.5368277163,0.47019179,-0.1443443777,-2.552579402
10779,-2.854725559,-0.51674943,-0.3475948473,0.2511028951,0.5588209481,-0.2386800505,-2.61696646
10780,-2.892746625,-0.641665605,-0.4178437793,0.179074492,0.3789992533,-0.166604045,-2.587642327
10781,-2.739281913,-0.3899004074,-0.3519525332,0.2690743218,0.4685506103,-0.1768250964,-2.444029892
10782,-2.950983684,-0.6065092976,-0.2659900306,0.1059900071,0.1893862458,-0.3387286763,-2.452325892
10783,-2.470283347,-0.4466415865,-0.7678401597,0.459919835,0.5940242825,-0.5783676289,-2.360920204
10784,-2.890567308,-0.2719057081,-0.4514562146,0.4397573953,0.1681212978,-0.315938409,-2.387883258
10785,-2.717193319,-0.6363968652,-0.3753223705,0.2748554217,0.3259736452,-0.3528783293,-2.583047608
10786,-2.867055191,-0.5604283907,-0.5219052346,0.3298793218,0.2374710842,-0.4249515711,-2.449570745
10787,-2.779786349,-0.5742907406,-0.5840588949,0.3151694398,0.3802795593,-0.1928369293,-2.440481871
10788,-2.717100073,-0.5983150135,-0.4542444731,0.4758578387,0.4233021977,0.001940645716,-2.658752216
10789,-2.99692934,-0.5434600386,-0.1500870965,0.3880408571,0.341502411,-0.05288162284,-2.839933926
10790,-2.56037257,-0.6321780693,-0.4167746008,0.7021740874,0.4867879852,-0.3319049193,-2.583581399
10791,-2.79981278,-0.7264937541,-0.3622724878,0.7164287734,0.3959367411,-0.4105816774,-2.660131751
10792,-2.84384166,-0.3221116534,-0.6211213844,0.4260815884,0.3973833055,-0.2608024619,-2.651793828
10793,-2.836189293,-0.4567342454,-0.5420060926,0.5252242293,0.4697728704,-0.1950357783,-2.77499511
10794,-2.537391018,-0.4804334707,-0.7047945246,0.3368044345,0.4667572649,-0.4070841909,-2.495990539
10795,-2.955698573,-0.2563038104,-0.4999216547,0.472937135,0.2223706449,-0.2352368826,-2.596327201
10796,-3.001218084,-0.4005021769,-0.197509496,0.463742751,0.3526989407,-0.3016086229,-2.937369867
10797,-2.912979719,-0.3658177618,-0.5193990939,0.4468705874,0.2997473248,-0.3456844044,-2.841231106
10798,-2.967459442,-0.4052185181,-0.3453731313,0.5685308905,0.3028706104,-0.1975451515,-2.536357119
10799,-2.892820267,-0.376535289,-0.3912091457,0.4078541724,0.4043959325,-0.4529405954,-2.557883736
10800,-3.093164427,-0.5938070964,-0.3757050611,0.4894388556,0.2907984145,-0.3346623442,-2.713911149
10801,-2.899403805,-0.6079557345,-0.4067055939,0.3330781057,0.1721718819,-0.2700116028,-2.753052098
10802,-2.88926502,-0.5494498323,-0.44487011,0.2114004115,0.3358900791,-0.3698875279,-2.609681968
10803,-2.782052563,-0.4656812302,-0.5129307857,0.3067653574,0.1755826524,-0.3268348587,-2.725539621
10804,-3.338802421,-0.3272958991,-0.3380305726,0.2339754354,0.06433020766,-0.04710718607,-2.667038116
10805,-2.991832957,-0.7114898383,-0.2426560659,0.1043409372,0.1301988162,-0.6595057451,-2.631183531
10806,-2.967080584,-0.4219263126,-0.4021502811,0.1511472012,0.2145716755,-0.2565540667,-2.743006872
10807,-2.47111923,-0.4449858062,-0.602069465,0.1905349485,0.4671696485,-0.3887911837,-2.799883091
10808,-3.220681528,-0.4409304694,-0.2462781678,0.2554275709,0.1505985507,-0.4371047221,-2.886429502
10809,-2.805400801,-0.5271131714,-0.3704394339,0.08262424447,0.3514927163,-0.3273790475,-2.803294911
10810,-3.275143574,-0.6646488445,-0.3453865322,-0.03336808537,0.1533987289,-0.2514690788,-2.707390764
10811,-2.515323741,-0.5287694756,-0.5908566527,0.1772035135,0.4626137188,-0.3333083042,-2.816642083
10812,-2.905271845,-0.390503029,-0.1516757972,-0.01723928004,0.1119665891,-0.4667533103,-2.98330722
10813,-3.057281652,-0.4638046041,0.006095929449,0.1185786223,0.07587922486,-0.3887971704,-3.005460269
10814,-3.383635178,-0.4032478324,0.234815123,-0.1655619386,-0.1422261724,-0.3223515875,-3.149926381
10815,-3.001043939,-0.3505503673,-0.2937995986,0.1845263553,0.1330067327,-0.3436152249,-2.955963075
10816,-2.860515026,-0.2228990522,-0.1944989196,-0.07181726909,0.2031754472,-0.5005855528,-3.167228461
10817,-2.459282312,-0.2888744198,-0.3515060042,0.2742538823,0.3798025067,-0.4308085401,-2.890534808
10818,-2.941395172,-0.1925616574,-0.1580339853,0.2295530822,0.3181223409,-0.3675212385,-3.046473228
10819,-3.102039298,-0.3247983728,-0.1561436158,0.03634531997,0.208898524,-0.3753687372,-2.953452889
10820,-2.758012318,-0.3674000465,-0.357472689,0.2420812699,0.1165101848,-0.07938492361,-2.866143803
10821,-3.147144488,-0.1791072954,-0.1475679943,-0.001156051603,0.008081479285,-0.2812465384,-3.097359295
10822,-2.477706918,-0.2629710523,-0.512259566,0.335680965,0.3003057255,-0.4386108702,-2.853758953
10823,-3.27942424,-0.2786424738,-0.09693866893,0.06956628752,0.01975458874,-0.2354809033,-2.84415235
10824,-2.96355862,-0.2891107415,-0.261732131,0.1684274394,0.09737861878,-0.2357886044,-2.991548376
10825,-3.00927344,-0.1796734861,-0.3626091273,0.1889512215,0.158335304,-0.2978679304,-2.825750622
10826,-3.278819656,-0.4721772262,-0.1608671694,0.1098650774,-0.04635563077,-0.31297535,-2.962755545
10827,-2.649845756,-0.3171422929,-0.3012555856,0.04754852522,0.301182704,-0.181462676,-3.095280071
10828,-2.763585193,-0.4963152767,-0.6795325049,0.1655810816,0.09185738452,-0.3444326592,-2.656162093
10829,-2.436294966,-0.457213625,-0.7352878332,0.2712344686,0.4117242312,-0.44787414,-2.86619835
10830,-3.014379865,-0.2461541141,-0.4691111866,0.201514543,0.01374979485,-0.4019069046,-2.780089695
10831,-3.14327414,-0.3930451846,-0.5047359089,0.02432162392,0.1512651718,-0.3902688003,-2.821844014
10832,-2.747891622,-0.3496064191,-0.5016051367,0.3033375112,0.3541595468,-0.5046342564,-2.865043563
10833,-3.050537344,-0.4633979322,-0.4915114242,0.01468998342,0.07205443186,-0.1599924239,-2.878045089
10834,-2.975241251,-0.4512040676,-0.5299424596,0.1073271211,0.2300791589,-0.2120199571,-2.884935357
10835,-2.584030567,-0.3771867876,-0.5804564294,0.2568067275,0.3584806309,-0.4887885246,-3.102341599
10836,-3.082666035,-0.4115902192,-0.2678539029,0.02098175524,0.03287720091,-0.339990952,-2.898115139
10837,-2.963932623,-0.2848200881,-0.3986810719,0.1990321627,0.0790720549,-0.5256004798,-2.986471212
10838,-3.147464727,-0.3932090125,-0.2493628202,0.09416478491,0.09053847185,-0.3245180174,-3.018056416
10839,-2.50938679,-0.2407618547,-0.3741732076,0.1885034649,0.2719547174,-0.1561437739,-3.013847424
10840,-2.888998369,-0.2628811872,-0.5832297413,0.09904420823,-0.09611590953,-0.4765545188,-2.941337692
10841,-3.067640427,-0.2727169435,-0.4959647494,0.1472555677,-0.03509440714,-0.3940243704,-2.993247354
10842,-3.338199894,-0.4096908022,-0.4145430504,0.03286613363,-0.09767069859,-0.2764801665,-2.845728864
10843,-3.188524547,-0.3503819174,-0.4152005583,0.04398865944,-0.01377038657,-0.4378907524,-2.921946002
10844,-3.05433012,-0.2998659576,-0.4412660008,0.09588753615,-0.23765522,-0.2667194247,-2.955114886
10845,-2.81651017,-0.2757219196,-0.4269740547,0.09193479104,0.01683454678,-0.3407999475,-2.903672887
10846,-2.576688122,-0.2296188672,-0.614356679,0.1979801352,0.1858908083,-0.4390486278,-2.947292581
10847,-3.103731771,-0.3939245039,-0.6150761212,0.1639747422,0.03996970714,-0.3344202661,-2.854135409
10848,-2.914197002,-0.3108204771,-0.4204761012,0.117305024,0.05012513747,-0.384498257,-2.829481702
10849,-3.079609455,-0.2371013945,-0.3856547876,0.1046143014,-0.1136490744,-0.3324381338,-2.965073581
10850,-3.181871655,-0.2319565092,-0.4070956084,-0.03975773104,0.06652863205,-0.4933227588,-2.954784991
10851,-3.066843316,-0.2208483431,-0.3480344911,0.1511566015,-0.1777795547,-0.3266803636,-3.01650065
10852,-2.788088943,-0.3514063071,-0.6298644186,0.1639061111,0.06846567925,-0.4202867905,-2.942694648
10853,-2.716015948,-0.4475924333,-0.5926932261,0.1794220798,0.1414539168,-0.5385266423,-2.891589308
10854,-3.029883545,-0.3258503068,-0.5920228831,0.1146336346,0.02910181385,-0.4951504045,-2.90240508
10855,-2.899931097,-0.4520521771,-0.5231749294,0.1534708639,-0.001821361616,-0.2303116014,-2.757153616
10856,-2.985665323,-0.2706451385,-0.3813752782,0.1434199909,-0.03301174897,-0.3002693549,-2.884577785
10857,-2.967639898,-0.4412451438,-0.5538574135,0.07022350441,0.08755869542,-0.4972354474,-3.023342411
10858,-2.74731641,-0.7232763889,-0.3657444536,0.08193088063,0.1473729163,-0.2474883269,-2.614532378
10859,-3.068874195,-0.4213704316,-0.4295452497,0.03407733064,0.2436174265,-0.5523822386,-2.900322281
10860,-2.441997224,-0.4078883383,-0.5299223487,0.2641485663,0.2113470148,-0.531715831,-2.802586665
10861,-2.53232498,-0.3945451082,-0.4127446157,0.1891234483,-0.02132997478,-0.3978480283,-2.913858608
10862,-3.050258796,-0.2746417677,-0.3480236969,0.02683194777,0.000386023214,-0.1065451768,-2.807078195
10863,-2.600181665,-0.326160013,-0.405840957,0.1439015374,0.1932576738,-0.491943524,-2.810379387
10864,-2.798736195,-0.4248640671,-0.5004830407,0.2032420304,0.3463209761,-0.4141591832,-2.664030074
10865,-2.461018081,-0.4888287792,-0.5052819898,0.2121996269,0.4078360392,-0.637239464,-2.831695074
10866,-2.664362066,-0.4631812033,-0.3118326667,0.2023168885,0.4167548312,-0.4843503985,-2.611895841
10867,-2.70701977,-0.3050001776,-0.1964659717,0.1534164742,-0.03620991813,-0.2565187912,-2.905049143
10868,-2.940021859,-0.3495087972,-0.2636170593,0.06875061015,-0.0499162474,-0.3445383684,-2.795341589
10869,-3.348984998,-0.5070748784,-0.2963025427,-0.172144134,-0.03521256165,-0.3234731208,-2.860912717
10870,-3.275808316,-0.5436060719,-0.1422818326,-0.08230580349,0.1006921651,-0.4027985932,-2.819265878
10871,-3.142232837,-0.3714624109,-0.2288055424,-0.2115324848,0.08795575502,-0.4720355792,-2.861899816
10872,-3.050192455,-0.4590669564,-0.3555742244,0.1066412619,0.2729508175,-0.5742732932,-2.816553239
10873,-3.450127625,-0.4313813161,-0.120363972,-0.06878521644,-0.02587431781,-0.2749668658,-2.615781057
10874,-3.699386352,-0.0744293238,-0.2925999349,-0.1739117544,-0.1498686285,-0.1645643194,-2.689268626
10875,-2.892519981,-0.2677097049,-0.4356168814,-0.1106836873,0.3180200836,-0.3760048145,-2.508633748
10876,-3.286255631,-0.1682990784,-0.173963005,0.1197624926,0.4233713217,-0.4767376902,-2.653447378
10877,-3.00964681,-0.3408968342,-0.2431472073,-0.1614160121,0.245755703,-0.3140573788,-2.621296412
10878,-3.133191439,-0.1206674829,-0.2562051876,-0.08699833785,0.1845883483,-0.3837126807,-2.597927902
10879,-2.938773697,-0.1910310147,-0.1573054564,0.07404469954,0.3033508801,-0.5553506083,-2.619298485
10880,-2.925510498,-0.06775538132,-0.3644077219,-0.07322272046,0.3624500907,-0.5204408412,-2.494391081
10881,-3.018597086,-0.03033121562,-0.3371712321,-0.01141045945,0.2527059884,-0.4995699026,-2.567910474
10882,-3.016693801,-0.01721355064,-0.3709779064,-0.09027381764,0.3118012978,-0.4609474587,-2.406956436
10883,-3.266757628,-0.1619343923,-0.32760508,-0.1893515548,0.3399322305,-0.3060499929,-2.546775112
10884,-3.113591819,0.1612735501,-0.3031865602,0.08304298464,0.4067801612,-0.3191063869,-2.6343241
10885,-3.441660438,0.05998076745,-0.2530581886,-0.2219029656,0.3595207152,-0.2901204225,-2.48109959
10886,-3.360561586,0.1664287328,-0.3716198939,-0.2187767169,0.3420912419,-0.2919900779,-2.472797584
10887,-3.204474269,0.1929469348,-0.3628159388,-0.07560984134,0.2272393111,-0.2682645852,-2.623642278
10888,-3.078012483,-0.1087535981,-0.3628658701,0.07350353837,0.2835559443,-0.3407093097,-2.602413235
10889,-3.271590276,-0.0258781436,-0.2969988597,-0.1130621883,0.2224979058,-0.2186986212,-2.521061236
10890,-3.075381733,0.08811047466,-0.2166336345,0.02708984566,0.4300290052,-0.3570293556,-2.481635863
10891,-3.006662192,0.09898162958,-0.3326914643,0.1833284802,0.3094357663,-0.280048687,-2.606543752
10892,-3.036192851,0.01451378216,-0.2316730937,0.03449836533,0.2784277244,-0.2437159937,-2.5783238
10893,-3.062570418,-0.04189799481,-0.365129229,0.07524362806,0.2865538079,-0.3566812797,-2.581191726
10894,-3.215182476,-0.0526253234,-0.4121485338,0.1887716516,0.1977100361,-0.3718066064,-2.61684323
10895,-2.992105437,0.07987038783,-0.5792351875,0.1409947991,0.1903460886,-0.3902745277,-2.62602925
10896,-3.045998447,0.2793922413,-0.397794857,0.3842084664,0.3862492296,-0.3763938144,-2.437694798
10897,-3.357861824,0.1045933793,-0.4496026843,0.2058932086,0.185210464,-0.2626370322,-2.593662162
10898,-2.990523745,0.04451720927,-0.3895722351,0.1704475158,0.1762997024,-0.4697945696,-2.621458393
10899,-2.869848627,-0.06012070001,-0.3400380136,0.2253710077,0.3728343885,-0.5798055917,-2.480984086
10900,-3.063732482,0.3215396825,-0.5695952018,0.2395607469,0.2663337739,-0.3863395385,-2.538141669
10901,-3.122345493,0.09645145315,-0.4324260101,0.1557815761,0.4232179304,-0.5633069767,-2.544397673
10902,-3.24809428,-0.03313851531,-0.3299997567,0.03352025778,0.6036311686,-0.463295053,-2.447834375
10903,-3.254060814,-0.04725681757,-0.3888152337,0.0002053441386,0.4214620558,-0.4734557703,-2.537967844
10904,-2.916367068,0.03325188187,-0.436986583,0.04351963272,0.7463674475,-0.5362141662,-2.696848768
10905,-3.11654907,0.1219365014,-0.4292489698,0.06497685843,0.6029090921,-0.5737924259,-2.490551282
10906,-3.323002931,0.179378939,-0.7765840636,0.1727637067,0.334647135,-0.4394467214,-2.209687004
10907,-3.123057253,0.02771042059,-0.4255777146,0.008972640701,0.2704364585,-0.3457509761,-2.374707525
10908,-3.123658175,0.08473679977,-0.5451896674,0.0001778699958,0.5066028646,-0.3856538857,-2.404483643
10909,-3.093362197,0.1450138586,-0.2108643359,-0.0771058751,0.3410070214,-0.4212179899,-2.465595133
10910,-2.832689893,-0.2198540365,-0.4417575842,0.07006603922,0.3393999099,-0.6237011111,-2.551332339
10911,-2.714206736,-0.3509539609,-0.3898773952,-0.06134597293,0.417876247,-0.6244456744,-2.728013176
10912,-3.140144985,0.07608682807,-0.5486874399,0.04518722285,0.4216175064,-0.4352546922,-2.402661321
10913,-3.014534323,-0.4282797105,-0.4761740529,-0.03398564056,0.6807574865,-0.6324013594,-2.499834861
10914,-2.895522305,-0.3523121801,-0.6986165322,-0.004705092411,0.5677274671,-0.6366945485,-2.591090811
10915,-3.078482005,-0.1550622245,-0.551449904,0.2387401067,0.3355545673,-0.5014626173,-2.472925776
10916,-2.859600932,-0.32804544,-0.5577777862,0.260559892,0.3658447496,-0.5454810552,-2.470494484
10917,-3.138617408,0.03631222058,-0.744898449,0.1004363794,0.5393752849,-0.5784741459,-2.356440027
10918,-3.072826007,0.1114541964,-0.5225078897,0.003295813322,0.3681061575,-0.3493790797,-2.665777874
10919,-3.145784907,0.1342680658,-0.4707094595,0.2712721028,0.376696031,-0.3619003178,-2.483496389
10920,-2.759463824,0.03684143398,-0.3065299892,0.2287754481,0.3763625233,-0.4096326263,-2.511713303
10921,-2.925911066,0.01063725391,-0.3164453745,-0.04695985502,0.3926334879,-0.4231638248,-2.64681068
10922,-3.139423131,0.03323339642,-0.5356875005,-0.04625140921,0.3830505421,-0.5146189413,-2.453064323
10923,-2.905630137,-0.1237949685,-0.4678262695,0.1859466837,0.3577083873,-0.6131958923,-2.51322268
10924,-2.753381044,-0.1926109839,-0.137760745,-0.1658595073,0.1496833278,-0.4147590559,-2.546607942
10925,-2.724694657,-0.218504235,-0.05278036643,-0.1321161023,0.1661350171,-0.5356832747,-2.487450078
10926,-2.874694412,-0.1953908371,-0.4630666746,0.06412835781,0.5085960791,-0.5638507711,-2.343657288
10927,-3.263013231,-0.02005371175,-0.516689418,0.1636026566,0.4046273542,-0.3665434068,-2.503651031
10928,-3.031418249,-0.1368416269,-0.4817926744,0.1711929762,0.306964436,-0.3730484065,-2.514094704
10929,-3.146041129,-0.07872872434,-0.5935573275,0.1226408221,0.1143460321,-0.2997289525,-2.560283761
10930,-3.29536386,0.02956659286,-0.6710895152,0.1456347233,0.3446094648,-0.3309291948,-2.444136338
10931,-2.676319954,-0.1296843451,-0.3955434316,0.1813157427,0.42018773,-0.4915381432,-2.549488166
10932,-2.79639441,-0.1453112995,-0.4493095476,0.1278323177,0.2119031679,-0.4404037049,-2.6418549
10933,-2.755823475,-0.1761453242,-0.5348222009,0.2310067296,0.2417517448,-0.5276423352,-2.677939185
10934,-3.06863787,-0.1544272925,-0.7337350482,0.3320424406,0.2978926073,-0.5120458299,-2.554866358
10935,-2.902278994,-0.1447433841,-0.522308377,0.2584621376,0.3014457142,-0.4601487711,-2.63214739
10936,-2.930027924,-0.3121499819,-0.5096678622,0.09895976948,0.1744486713,-0.4560683099,-2.697423017
10937,-3.152630961,-0.1150359234,-0.6293448797,0.1106393615,0.2599851786,-0.3446408322,-2.540128369
10938,-2.613419552,-0.5574480909,-0.0880270594,0.08640218755,0.2254635319,-0.4616713126,-2.69519433
10939,-3.180553288,-0.1128234547,-0.5484336419,0.2596491499,0.3431065073,-0.2873199246,-2.505288856
10940,-3.127140988,-0.2505566502,-0.4050544087,0.08146271,0.2771729953,-0.4394797779,-2.558720294
10941,-2.867177298,-0.1605652694,-0.4368894283,-0.04133731423,0.160228852,-0.313265247,-2.468238837
10942,-2.822741775,-0.4321207062,-0.5237393639,0.06151600403,0.2450807718,-0.4943119597,-2.661365046
10943,-3.21780543,-0.4081022989,-0.43330896,-0.04932825273,0.4286342411,-0.426057018,-2.317632992
10944,-2.936860551,-0.2402831746,-0.5398519645,0.02622605861,0.1974379434,-0.3837855354,-2.617020854
10945,-3.263229177,-0.13466833,-0.6738546313,-0.0009655736923,0.2264288629,-0.4712612604,-2.62642993
10946,-3.226166376,-0.2899028114,-0.5945568244,0.04734257269,0.2986050118,-0.4001823672,-2.562372929
10947,-2.83959426,-0.06680014369,-0.7730631247,0.2683382699,0.3898839532,-0.4804828054,-2.638454483
10948,-3.145527796,-0.1925886821,-0.4193417464,0.1967351084,0.0760827266,-0.2162627655,-2.443459478
10949,-3.335542761,-0.1251238458,-0.6171863276,0.1377651981,0.1491373695,-0.213324895,-2.471348688
10950,-2.979007026,-0.129504019,-0.6072474238,0.08281595983,0.3701875783,-0.3627531677,-2.449537437
10951,-2.932850316,-0.1537491194,-0.3388072065,0.2430246519,-0.005996211141,-0.1046729945,-2.333049993
10952,-2.885210022,-0.2400052196,-0.5143972585,0.1510202952,0.1930797479,-0.1993068394,-2.426786745
10953,-3.170331305,-0.194513527,-0.5964470957,0.2780205131,0.2303909563,-0.202555049,-2.236698643
10954,-2.989607908,-0.1177431321,-0.4101866003,0.3114062737,-0.09050753579,-0.03206562485,-2.321421897
10955,-3.100720742,-0.1409652571,-0.5092467134,0.03928960717,0.2083372968,-0.2323570209,-2.488432471
10956,-3.030671375,0.05750508079,-0.7500506413,0.01730576634,0.5222747766,-0.4791558304,-2.244355009
10957,-2.979872069,-0.09865271709,-0.5997174454,-0.09843422741,0.3329421507,-0.1903274001,-2.450296713
10958,-3.252038891,-0.08907242793,-0.4919480205,0.006329425607,0.1711349216,-0.1747936255,-2.487788278
10959,-2.889877928,-0.2188344855,-0.5475519065,-0.09590897517,0.3195414504,-0.3794623426,-2.589496774
10960,-3.092567691,0.01306596588,-0.6582709756,0.09092259116,0.5602686341,-0.2556896779,-2.398404805
10961,-2.697973585,-0.1795729237,-0.7418319466,0.03756907618,0.6844430628,-0.3483539472,-2.31040445
10962,-2.975422253,-0.1325770445,-0.6060317673,0.09707956036,0.5092284965,-0.2849643688,-2.418662155
10963,-3.366842946,-0.05561834004,-0.3307809618,-0.07944709496,0.1594100238,-0.347667867,-2.414567783
10964,-3.054774263,-0.165942625,-0.4274577956,-0.1320581248,0.2745197742,-0.2127097247,-2.338197872
10965,-2.928076278,-0.1423893119,-0.5009396501,-0.05691535685,0.2130923254,-0.2437169935,-2.188815098
10966,-2.938821676,-0.1036432468,-0.7203218545,0.1678677444,0.3918121092,-0.2810816177,-2.37179325
10967,-2.91438319,-0.147277248,-0.5499562875,0.1896449331,0.3963276396,-0.1995538484,-2.285691236
10968,-2.812443637,-0.335518376,-0.4817048605,-0.05268927807,0.1910133408,-0.3862581671,-2.509131892
10969,-2.982537216,-0.1168372969,-0.5621223206,0.2873454164,0.2308313734,-0.3757781145,-2.536171403
10970,-2.727359992,-0.1865445802,-0.7728776266,0.3703816143,0.2837347135,-0.4488566165,-2.529350702
10971,-2.747318039,-0.2808763641,-0.6162396679,0.2381134598,0.1302718183,-0.3798181766,-2.602864495
10972,-3.025027156,-0.04979282873,-0.6185774315,0.4924642274,0.1578932263,-0.3800659558,-2.48230178
10973,-2.863067776,-0.2456037811,-0.6474308573,0.3912946579,0.2540204637,-0.3821467694,-2.450076951
10974,-3.154876989,-0.2206094005,-0.5245682114,0.1117014204,0.2251473873,-0.2941546858,-2.633029779
10975,-3.055375147,-0.16698102,-0.624611453,0.4945707605,0.1282316101,-0.4047837295,-2.550131406
10976,-2.768344747,-0.07201838645,-0.6365510072,0.4724343332,0.3349092882,-0.3633069272,-2.359558365
10977,-3.132573913,-0.1539889299,-0.5136548343,0.1455869035,-0.08314334635,-0.2805816176,-2.684439815
10978,-2.855435605,-0.1215898143,-0.4148435332,0.227478093,0.3060375167,-0.4633044999,-2.637200756
10979,-2.603130654,-0.2277541856,-0.5391854095,0.3235681704,0.4197746377,-0.488397705,-2.379977943
10980,-2.445268448,-0.3542141487,-0.4992554926,0.262849129,0.2572871985,-0.4716103379,-2.416389256
10981,-2.887432714,-0.3013498033,-0.4322985241,0.2276446436,0.2310239679,-0.4267408034,-2.619699705
10982,-2.515494204,-0.264352719,-0.4022355264,0.3187828074,0.2872229147,-0.5472421473,-2.610178781
10983,-2.535007429,-0.1457916863,-0.2620623943,0.2427060473,0.2792267375,-0.4605006839,-2.682418557
10984,-2.747246046,-0.1742777699,-0.387890688,0.2041475763,0.05651754688,-0.3718469179,-2.685988839
10985,-2.999355048,-0.2996596391,-0.4837617839,0.1854451599,0.1447129454,-0.4141679019,-2.530932453
10986,-2.921930762,-0.3564590977,-0.4700245774,0.0008851556237,0.2300566202,-0.3789960719,-2.415269092
10987,-2.967476032,-0.3941778637,-0.501699199,0.115931371,0.04929276023,-0.3584265972,-2.567740902
10988,-2.844306566,-0.3608979225,-0.4716329703,0.3760045916,0.1745978599,-0.4903165334,-2.424953872
10989,-2.772322676,-0.2292472666,-0.4118307874,0.09725470442,0.1651666394,-0.4496221259,-2.626456473
10990,-2.932000569,-0.4128643616,-0.3662137798,0.01036206434,0.3169256954,-0.2555530422,-2.521547682
10991,-2.905141916,-0.2627725917,-0.397906726,0.1592461531,0.356970063,-0.3624412391,-2.567768758
10992,-2.79522453,-0.1582115462,-0.5458837291,0.1203831614,0.3828899355,-0.4381352501,-2.4287151
10993,-2.968495318,-0.2969107645,-0.5179831328,0.1991483358,0.2294884655,-0.4431160411,-2.531711394
10994,-2.934187517,-0.3027584702,-0.5434184905,0.2649670617,0.2222393123,-0.5108198605,-2.538414859
10995,-2.554123091,-0.2276228085,-0.4287693348,0.1897543509,0.4334540912,-0.3791627262,-2.403225936
10996,-3.033860721,-0.3040388302,-0.4616397603,0.3568185865,-0.005431460585,-0.4869869603,-2.523647545
10997,-2.465173188,-0.2510497142,-0.5369027871,0.1814026063,0.2736746164,-0.2878145397,-2.662324239
10998,-2.616199152,-0.2820292438,-0.536302422,0.279678421,0.1870181434,-0.5191646506,-2.435522927
10999,-2.709148942,-0.2820501138,-0.6162728155,0.4606955765,0.1041374661,-0.6709203838,-2.426919299
11000,-3.018500419,-0.1631998294,-0.4190867166,0.2228470112,0.1118196302,-0.4069370769,-2.49405156
